holeid,from,to,X,Y,Z,Lithology_code,MOC_code,Structure_code,GRADE
MRCB21,446,446.5,9889.025638,11155.64416,-282.51925,1,1,0,0.01
MRCB21,446.5,447,9889.190953,11155.84141,-282.94775,1,1,0,0.1
MRCB21,447,447.5,9889.356268,11156.03865,-283.37625,1,1,0,0.32
MRCB21,447.5,448,9889.521583,11156.2359,-283.80475,1,1,0,0.1
MRCB21,448,448.5,9889.686898,11156.43314,-284.23325,2,2,0,0.06
MRCB21,448.5,449,9889.852213,11156.63039,-284.66175,2,3,0,0.15
MRCB21,449,449.5,9890.017528,11156.82763,-285.09025,2,3,0,0.04
MRCB21,449.5,450,9890.182843,11157.02488,-285.51875,2,3,0,0.12
MRCB21,450,450.5,9890.348158,11157.22212,-285.94725,2,3,0,0.13
MRCB21,450.5,451,9890.513473,11157.41937,-286.37575,2,3,0,0.04
MRCB21,451,451.5,9890.678788,11157.61661,-286.80425,2,4,0,0.03
MRCB21,451.5,452,9890.844103,11157.81386,-287.23275,2,4,0,0.22
MRCB21,452,452.5,9891.009418,11158.0111,-287.66125,2,5,0,0.13
MRCB21,452.5,453,9891.174733,11158.20835,-288.08975,2,5,0,0.01
MRCB21,453,453.5,9891.340048,11158.40559,-288.51825,2,5,0,0.01
MRCB21,453.5,454,9891.505363,11158.60284,-288.94675,2,5,0,0.01
MRCB21,454,454.5,9891.670678,11158.80008,-289.37525,2,5,1,0.01
MRCB21,454.5,455,9891.835993,11158.99733,-289.80375,2,6,1,0.29
MRCB21,455,455.5,9892.001308,11159.19457,-290.23225,2,6,1,0.3
MRCB21,455.5,456,9892.166623,11159.39182,-290.66075,2,6,1,0.03
MRCB21,456,456.5,9892.331938,11159.58906,-291.08925,2,6,1,0.07
MRCB21,456.5,457,9892.497253,11159.78631,-291.51775,2,7,1,0.01
MRCB21,457,457.5,9892.662568,11159.98355,-291.94625,2,8,1,0.01
MRCB21,457.5,456,9892.497253,11159.78631,-291.51775,2,8,1,0.01
MRCB21,475,475.5,9898.613908,11167.08437,-307.37225,3,8,0,0.02
MRCB21,475.5,476,9898.779223,11167.28162,-307.80075,3,8,0,0.02
MRCB21,476,476.5,9898.944538,11167.47886,-308.22925,3,8,0,0.01
MRCB21,476.5,477,9899.109853,11167.67611,-308.65775,3,8,0,0.01
MRCB21,477,477.5,9899.275168,11167.87335,-309.08625,3,8,0,0.05
MRCB21,477.5,478,9899.440483,11168.0706,-309.51475,3,8,0,0.08
MRCB21,478,478.5,9899.605798,11168.26784,-309.94325,2,8,0,0.06
MRCB21,478.5,479,9899.771113,11168.46509,-310.37175,2,8,0,0.01
MRCB21,479,479.5,9899.936428,11168.66233,-310.80025,2,9,0,0.01
MRCB21,479.5,480,9900.101743,11168.85958,-311.22875,2,9,0,0.01
MRCB21,480,480.5,9900.267058,11169.05682,-311.65725,2,9,0,0.58
MRCB21,480.5,481,9900.432373,11169.25407,-312.08575,2,9,0,0.45
MRCB21,481,481.5,9900.597688,11169.45131,-312.51425,2,10,0,0.13
MRCB21,481.5,482,9900.763003,11169.64856,-312.94275,2,10,0,0.09
MRCB21,482,482.5,9900.928318,11169.8458,-313.37125,2,10,0,0.2
MRCB21,482.5,483,9901.093633,11170.04305,-313.79975,2,10,0,0.16
MRCB21,483,483.5,9901.258948,11170.24029,-314.22825,2,10,0,0.06
MRCB21,483.5,484,9901.424263,11170.43754,-314.65675,2,10,0,0.04
MRCB21,484,484.5,9901.589578,11170.63478,-315.08525,2,11,1,0.02
MRCB21,484.5,485,9901.754893,11170.83203,-315.51375,2,11,1,0.07
MRCB21,485,485.5,9901.920208,11171.02927,-315.94225,2,11,1,0.02
MRCB21,485.5,486,9902.085523,11171.22652,-316.37075,2,11,1,0.04
MRCB21,486,486.5,9902.250838,11171.42376,-316.79925,2,11,1,0.12
MRCB21,486.5,487,9902.416153,11171.62101,-317.22775,2,11,1,0.12
MRCB21,487,487.5,9902.581468,11171.81825,-317.65625,4,11,1,0.14
MRCB21,487.5,488,9902.746783,11172.0155,-318.08475,4,11,1,0.08
MRCB21,488,488.5,9902.912098,11172.21274,-318.51325,4,11,1,0.2
MRCB21,488.5,489,9903.077413,11172.40999,-318.94175,4,11,1,0.04
MRCB21,489,489.5,9903.242728,11172.60723,-319.37025,4,11,1,0.1
MRCB21,489.5,490,9903.408043,11172.80448,-319.79875,4,11,1,0.08
MRCB21,490,490.5,9903.573358,11173.00172,-320.22725,5,11,0,0.01
MRCB21,490.5,491,9903.738673,11173.19897,-320.65575,5,11,0,0.01
MRCB21,491,491.5,9903.903988,11173.39621,-321.08425,5,11,0,0.01
MRCB21,491.5,492,9904.069303,11173.59346,-321.51275,5,11,0,0.28
MRCB21,492,492.5,9904.234618,11173.7907,-321.94125,5,11,0,0.04
MRCB21,492.5,493,9904.399933,11173.98795,-322.36975,5,11,0,0.01
MRCB21,493,493.5,9904.565248,11174.18519,-322.79825,6,11,0,0.01
MRCB21,493.5,494,9904.730563,11174.38244,-323.22675,6,11,0,0.07
MRCB21,494,494.5,9904.895878,11174.57968,-323.65525,6,11,0,0.04
MRCB21,494.5,495,9905.061193,11174.77693,-324.08375,6,11,0,0.06
MRCB21,495,495.5,9905.226508,11174.97417,-324.51225,6,11,0,0.01
MRCB21,495.5,496,9905.391823,11175.17142,-324.94075,6,11,0,0.13
MRCB21,496,496.5,9905.557138,11175.36866,-325.36925,7,12,0,0.04
MRCB21,496.5,497,9905.722453,11175.56591,-325.79775,7,12,0,0.06
MRCB21,497,497.5,9905.887768,11175.76315,-326.22625,7,12,0,0.01
MRCB21,497.5,498,9906.053083,11175.9604,-326.65475,7,12,0,0.01
MRCB21,498,498.5,9906.218398,11176.15764,-327.08325,7,12,0,0.09
MRCB21,498.5,499,9906.383713,11176.35489,-327.51175,7,12,0,0.05
MRCB21,499,499.5,9906.549028,11176.55213,-327.94025,8,11,0,0.23
MRCB21,499.5,500,9906.714343,11176.74938,-328.36875,8,11,0,0.1
MRCB21,500,500.5,9906.879658,11176.94662,-328.79725,8,11,0,0.14
MRCB21,500.5,501,9907.044973,11177.14387,-329.22575,8,11,0,0.18
MRCB21,501,501.5,9907.210288,11177.34111,-329.65425,8,11,0,0.27
MRCB21,501.5,502,9907.375603,11177.53836,-330.08275,8,11,0,0.11
MRCB21,502,502.5,9907.540918,11177.7356,-330.51125,8,11,0,0.12
MRCB21,502.5,503,9907.706233,11177.93285,-330.93975,8,11,0,0.26
MRCB21,503,503.5,9907.871548,11178.13009,-331.36825,8,11,0,0.06
MRCB21,503.5,504,9908.036863,11178.32734,-331.79675,8,11,0,0.17
MRCB21,504,504.5,9908.202178,11178.52458,-332.22525,8,11,0,0.26
MRCB21,504.5,505,9908.367493,11178.72183,-332.65375,8,11,0,0.06
MRCB21,505,505.5,9908.532808,11178.91907,-333.08225,8,11,0,0.16
MRCB21,505.5,506,9908.698123,11179.11632,-333.51075,8,11,0,0.07
MRCB21,506,506.5,9908.863438,11179.31356,-333.93925,8,11,0,0.04
MRCB21,506.5,507,9909.028753,11179.51081,-334.36775,1,8,2,0.03
MRCB21,507,507.5,9909.194068,11179.70805,-334.79625,1,8,2,0.04
MRCB21,507.5,508,9909.359383,11179.9053,-335.22475,1,8,2,0.01
MRCB21,508,508.5,9909.524698,11180.10254,-335.65325,1,8,0,0.03
MRCB21,508.5,509,9909.690013,11180.29979,-336.08175,1,8,0,0.02
MRCB21,509,509.5,9909.855328,11180.49703,-336.51025,1,8,0,0.01
MRCB21,509.5,510,9910.020643,11180.69428,-336.93875,8,13,0,0.04
MRCB21,510,510.5,9910.185958,11180.89152,-337.36725,8,13,0,0.06
MRCB21,510.5,511,9910.351273,11181.08877,-337.79575,8,13,0,0.17
MRCB21,511,511.5,9910.516588,11181.28601,-338.22425,8,13,0,0.36
MRCB21,511.5,512,9910.681903,11181.48326,-338.65275,8,13,0,0.04
MRCB21,512,512.5,9910.847218,11181.6805,-339.08125,8,13,0,0.03
MRCB21,512.5,513,9911.012533,11181.87775,-339.50975,8,13,0,0.04
MRCB21,513,513.5,9911.177848,11182.07499,-339.93825,8,13,0,0.05
MRCB21,513.5,514,9911.343163,11182.27224,-340.36675,8,13,0,0.1
MRCB21,514,514.5,9911.508478,11182.46948,-340.79525,8,14,1,0.06
MRCB21,514.5,515,9911.673793,11182.66673,-341.22375,8,15,1,0.06
MRCB21,515,515.5,9911.839108,11182.86397,-341.65225,8,15,1,0.11
MRCB21,515.5,516,9912.004423,11183.06122,-342.08075,8,15,1,0.13
MRCB21,516,516.5,9912.169738,11183.25846,-342.50925,8,15,1,0.14
MRCB21,516.5,517,9912.335053,11183.45571,-342.93775,8,15,1,0.07
MRCB21,517,517.5,9912.500368,11183.65295,-343.36625,8,8,0,0.02
MRCB21,517.5,518,9912.665683,11183.8502,-343.79475,8,8,0,0.03
MRCB21,518,518.5,9912.830998,11184.04744,-344.22325,8,8,0,0.01
MRCB21,518.5,519,9912.996313,11184.24469,-344.65175,8,8,0,0.01
MRCB21,519,519.5,9913.161628,11184.44193,-345.08025,8,8,0,0.01
MRCB21,519.5,520,9913.326943,11184.63918,-345.50875,8,8,0,0.03
MRCB21,520,520.5,9913.492258,11184.83642,-345.93725,8,8,0,0.04
MRCB21,520.5,521,9913.657573,11185.03367,-346.36575,8,8,0,0.07
MRCB21,521,521.5,9913.822888,11185.23091,-346.79425,8,8,0,0.03
MRCB21,521.5,522,9913.988203,11185.42816,-347.22275,8,8,0,0.18
MRCB21,522,522.5,9914.153518,11185.6254,-347.65125,8,8,0,0.08
MRCB21,522.5,523,9914.318833,11185.82265,-348.07975,8,8,0,0.01
MRCB21,523,523.5,9914.484148,11186.01989,-348.50825,9,8,0,0.01
MRCB21,523.5,524,9914.649463,11186.21714,-348.93675,9,8,0,0.01
MRCB21,529,529.5,9916.467928,11188.38683,-353.65025,9,14,2,0.03
MRCB21,529.5,530,9916.633243,11188.58408,-354.07875,9,14,2,0.03
MRCB21,530,530.5,9916.798558,11188.78132,-354.50725,9,14,2,0.01
MRCB21,530.5,531,9916.963873,11188.97857,-354.93575,9,14,2,0.01
MRCB21,531,531.5,9917.129188,11189.17581,-355.36425,9,14,2,0.01
MRCB21,531.5,532,9917.294503,11189.37306,-355.79275,10,14,0,0.01
MRCB21,532,532.5,9917.459818,11189.5703,-356.22125,10,14,0,0.07
MRCB21,532.5,533,9917.625133,11189.76755,-356.64975,10,14,0,0.01
MRCB21,533,533.5,9917.790448,11189.96479,-357.07825,10,14,0,0.1
MRCB21,533.5,534,9917.955763,11190.16204,-357.50675,10,14,0,0.01
MRCB21,534,534.5,9918.121078,11190.35928,-357.93525,10,14,0,0.07
MRCB21,534.5,535,9918.286393,11190.55653,-358.36375,10,14,0,0.01
MRCB21,535,535.5,9918.451708,11190.75377,-358.79225,10,16,0,0.01
MRCB21,535.5,536,9918.617023,11190.95102,-359.22075,10,16,0,0.01
MRCB21,536,536.5,9918.782338,11191.14826,-359.64925,10,16,0,0.04
MRCB21,536.5,537,9918.947653,11191.34551,-360.07775,10,16,0,0.14
MRCB21,537,537.5,9919.112968,11191.54275,-360.50625,10,16,0,0.01
MRCB21,537.5,538,9919.278283,11191.74,-360.93475,10,16,0,0.01
MRCB21,538,538.5,9919.443598,11191.93724,-361.36325,10,8,0,0.01
MRCB21,538.5,539,9919.608913,11192.13449,-361.79175,10,8,0,0.02
MRCB21,539,539.5,9919.774228,11192.33173,-362.22025,10,8,0,0.01
MRCB21,539.5,540,9919.939543,11192.52898,-362.64875,11,17,0,0.29
MRCB21,540,540.5,9920.104858,11192.72622,-363.07725,11,17,0,0.08
MRCB21,540.5,541,9920.270173,11192.92347,-363.50575,11,17,0,0.21
MRCB21,541,541.5,9920.435488,11193.12071,-363.93425,1,18,0,0.02
MRCB21,541.5,542,9920.600803,11193.31796,-364.36275,1,18,0,0.01
MRCB21,542,542.5,9920.766118,11193.5152,-364.79125,1,18,0,0.01
MRCB21,542.5,543,9920.931433,11193.71245,-365.21975,1,18,0,0.05
MRCB21,543,543.5,9921.096748,11193.90969,-365.64825,1,18,0,0.01
MRCB21,543.5,544,9921.262063,11194.10694,-366.07675,1,18,0,0.08
MRCB21,544,544.5,9921.427378,11194.30418,-366.50525,1,8,0,0.07
MRCB21,544.5,545,9921.592693,11194.50143,-366.93375,1,8,0,0.01
MRCB21,545,545.5,9921.758008,11194.69867,-367.36225,1,8,0,0.02
MRCB21,545.5,546,9921.923323,11194.89592,-367.79075,1,8,0,0.02
MRCB21,546,546.5,9922.088638,11195.09316,-368.21925,4,18,0,0.02
MRCB21,546.5,547,9922.253953,11195.29041,-368.64775,4,18,0,0.1
MRCB21,547,547.5,9922.419268,11195.48765,-369.07625,4,19,0,0.08
MRCB21,547.5,548,9922.584583,11195.6849,-369.50475,4,19,0,0.06
MRCB21,548,548.5,9922.749898,11195.88214,-369.93325,4,19,0,0.18
MRCB21,548.5,549,9922.915213,11196.07939,-370.36175,4,19,0,0.04
MRCB21,549,549.5,9923.080528,11196.27663,-370.79025,4,19,0,0.26
MRCB21,549.5,550,9923.245843,11196.47388,-371.21875,4,19,0,0.09
MRCB21,550,550.5,9923.411158,11196.67112,-371.64725,12,18,0,0.07
MRCB21,550.5,551,9923.576473,11196.86837,-372.07575,12,18,0,0.14
MRCB21,551,551.5,9923.741788,11197.06561,-372.50425,12,18,0,0.3
MRCB21,551.5,552,9923.907103,11197.26286,-372.93275,12,18,0,0.27
MRCB21,552,552.5,9924.072418,11197.4601,-373.36125,12,18,0,0.3
MRCB21,552.5,553,9924.237733,11197.65735,-373.78975,12,18,0,0.11
MRCB21,553,553.5,9924.403048,11197.85459,-374.21825,13,20,0,0.12
MRCB21,553.5,554,9924.568363,11198.05184,-374.64675,13,20,0,0.01
MRCB21,554,554.5,9924.733678,11198.24908,-375.07525,13,20,0,0.06
MRCB21,554.5,555,9924.898993,11198.44633,-375.50375,13,20,0,0.29
MRCB21,555,555.5,9925.064308,11198.64357,-375.93225,13,20,0,0.07
MRCB21,555.5,556,9925.229623,11198.84082,-376.36075,13,20,0,0.08
MRCB21,556,556.5,9925.394938,11199.03806,-376.78925,13,20,0,0.14
MRCB21,556.5,557,9925.560253,11199.23531,-377.21775,13,20,0,0.07
MRCB21,557,557.5,9925.725568,11199.43255,-377.64625,13,20,0,0.05
MRCB21,557.5,558,9925.890883,11199.6298,-378.07475,13,20,0,0.37
MRCB21,558,558.5,9926.056198,11199.82704,-378.50325,13,20,0,0.21
MRCB21,558.5,559,9926.221513,11200.02429,-378.93175,13,20,0,0.17
MRCB21,559,559.5,9926.386828,11200.22153,-379.36025,8,18,0,0.28
MRCB21,559.5,560,9926.552143,11200.41878,-379.78875,8,18,0,0.22
MRCB21,560,560.5,9926.717458,11200.61602,-380.21725,11,8,0,0.01
MRCB21,560.5,561,9926.882773,11200.81327,-380.64575,11,8,0,0.01
MRCB21,561,561.5,9927.048088,11201.01051,-381.07425,11,8,0,0.07
MRCB21,561.5,562,9927.213403,11201.20776,-381.50275,11,8,0,0.07
MRCB21,562,562.5,9927.378718,11201.405,-381.93125,11,8,0,0.22
MRCB21,562.5,563,9927.544033,11201.60225,-382.35975,11,21,0,0.16
MRCB21,563,563.5,9927.709348,11201.79949,-382.78825,11,8,0,0.1
MRCB21,563.5,564,9927.874663,11201.99674,-383.21675,14,8,0,0.01
MRCB21,564,564.5,9928.039978,11202.19398,-383.64525,2,19,0,0.01
MRCB21,564.5,565,9928.205293,11202.39123,-384.07375,2,19,0,0.04
MRCB21,565,565.5,9928.370608,11202.58847,-384.50225,15,17,0,0.01
MRCB21,565.5,566,9928.535923,11202.78572,-384.93075,15,17,0,0.15
MRCB21,566,566.5,9928.701238,11202.98296,-385.35925,15,17,0,0.15
MRCB21,566.5,567,9928.866553,11203.18021,-385.78775,15,17,0,1.11
MRCB21,567,567.5,9929.031868,11203.37745,-386.21625,15,17,0,1.27
MRCB21,567.5,568,9929.197183,11203.5747,-386.64475,15,17,0,0.36
MRCB21,568,568.5,9929.362498,11203.77194,-387.07325,15,13,0,0.46
MRCB21,568.5,569,9929.527813,11203.96919,-387.50175,15,13,0,0.1
MRCB21,569,569.5,9929.693128,11204.16643,-387.93025,15,13,0,0.42
MRCB21,569.5,570,9929.858443,11204.36368,-388.35875,15,13,0,0.22
MRCB21,570,570.5,9930.023758,11204.56092,-388.78725,15,13,0,0.29
MRCB21,570.5,571,9930.189073,11204.75817,-389.21575,15,13,0,0.24
MRCB21,571,571.5,9930.354388,11204.95541,-389.64425,15,22,0,0.4
MRCB21,571.5,572,9930.519703,11205.15266,-390.07275,15,22,0,0.55
MRCB21,572,572.5,9930.685018,11205.3499,-390.50125,15,22,0,1.11
MRCB21,572.5,573,9930.850333,11205.54715,-390.92975,15,22,0,1.1
MRCB21,573,573.5,9931.015648,11205.74439,-391.35825,15,22,0,0.58
MRCB21,573.5,574,9931.180963,11205.94164,-391.78675,15,22,0,0.18
MRCB21,574,574.5,9931.346278,11206.13888,-392.21525,15,18,0,1.25
MRCB21,574.5,575,9931.511593,11206.33613,-392.64375,15,18,0,0.4
MRCB21,575,575.5,9931.676908,11206.53337,-393.07225,15,18,0,1.29
MRCB21,575.5,576,9931.842223,11206.73062,-393.50075,15,18,0,1.21
MRCB21,576,576.5,9932.007538,11206.92786,-393.92925,15,18,0,1.32
MRCB21,576.5,577,9932.172853,11207.12511,-394.35775,15,18,0,1.24
MRCB21,577,577.5,9932.338168,11207.32235,-394.78625,15,18,0,1.04
MRCB21,577.5,578,9932.503483,11207.5196,-395.21475,15,18,0,0.71
MRCB21,578,578.5,9932.668798,11207.71684,-395.64325,15,18,0,0.56
MRCB21,578.5,579,9932.834113,11207.91409,-396.07175,15,18,0,0.45
MRCB21,579,579.5,9932.999428,11208.11133,-396.50025,15,20,0,0.29
MRCB21,579.5,580,9933.164743,11208.30858,-396.92875,15,20,0,0.52
MRCB21,580,580.5,9933.330058,11208.50582,-397.35725,8,20,2,0.33
MRCB21,580.5,581,9933.495373,11208.70307,-397.78575,8,20,2,0.31
MRCB21,581,581.5,9933.660688,11208.90031,-398.21425,8,20,2,0.25
MRCB21,581.5,582,9933.826003,11209.09756,-398.64275,8,20,2,0.16
MRCB21,582,582.5,9933.991318,11209.2948,-399.07125,8,20,2,0.28
MRCB21,582.5,583,9934.156633,11209.49205,-399.49975,8,20,2,1.08
MRCB21,583,583.5,9934.321948,11209.68929,-399.92825,2,23,0,1.18
MRCB21,583.5,584,9934.487263,11209.88654,-400.35675,2,23,0,0.67
MRCB21,584,584.5,9934.652578,11210.08378,-400.78525,2,23,0,0.65
MRCB21,584.5,585,9934.817893,11210.28103,-401.21375,2,20,0,0.42
MRCB21,585,585.5,9934.983208,11210.47827,-401.64225,2,20,0,0.16
MRCB21,585.5,586,9935.148523,11210.67552,-402.07075,2,20,0,0.32
MRCB21,586,586.5,9935.313838,11210.87276,-402.49925,2,22,2,0.33
MRCB21,586.5,587,9935.479153,11211.07001,-402.92775,2,22,2,0.38
MRCB21,587,587.5,9935.644468,11211.26725,-403.35625,2,22,2,0.38
MRCB21,587.5,588,9935.809783,11211.4645,-403.78475,2,22,2,0.88
MRCB21,588,588.5,9935.975098,11211.66174,-404.21325,2,22,2,0.42
MRCB21,588.5,589,9936.140413,11211.85899,-404.64175,2,22,2,0.21
MRCB21,589,589.5,9936.305728,11212.05623,-405.07025,2,22,2,0.06
MRCB21,589.5,590,9936.471043,11212.25348,-405.49875,2,22,2,0.6
MRCB21,590,590.5,9936.636358,11212.45072,-405.92725,2,22,2,0.81
MRCB21,590.5,591,9936.801673,11212.64797,-406.35575,2,22,2,0.32
MRCB21,591,591.5,9936.966988,11212.84521,-406.78425,2,16,2,0.06
MRCB21,591.5,592,9937.132303,11213.04246,-407.21275,2,16,2,0.06
MRCB21,592,592.5,9937.297618,11213.2397,-407.64125,2,8,0,0.02
MRCB21,592.5,593,9937.462933,11213.43695,-408.06975,2,8,0,0.01
MRCB21,593,593.5,9937.628248,11213.63419,-408.49825,2,8,0,0.01
MRCB21,593.5,594,9937.793563,11213.83144,-408.92675,2,8,0,0.01
MRCB21,594,594.5,9937.958878,11214.02868,-409.35525,2,8,2,0.04
MRCB21,594.5,595,9938.124193,11214.22593,-409.78375,2,8,2,0.01
MRCB21,595,595.5,9938.289508,11214.42317,-410.21225,2,8,2,0.08
MRCB21,595.5,596,9938.454823,11214.62042,-410.64075,2,8,2,0.01
MRCB21,596,596.5,9938.620138,11214.81766,-411.06925,2,8,2,0.01
MRCB21,596.5,597,9938.785453,11215.01491,-411.49775,2,8,2,0.01
MRCB21,597,597.5,9938.950768,11215.21215,-411.92625,2,8,2,0.01
MRCB21,597.5,598,9939.116083,11215.4094,-412.35475,2,8,2,0.01
MRCB21,598,598.5,9939.281398,11215.60664,-412.78325,11,15,0,0.01
MRCB21,598.5,599,9939.446713,11215.80389,-413.21175,11,15,0,0.01
MRCB21,599,599.5,9939.612028,11216.00113,-413.64025,11,15,0,0.01
MRCB21,599.5,600,9939.777343,11216.19838,-414.06875,11,15,0,0.01
MRCB22,222,222.5,9787.541101,10740.30381,-82.248,12,14,0,0.01
MRCB22,222.5,223,9787.71091,10740.50642,-82.672,12,14,3,0.01
MRCB22,223,223.5,9787.880719,10740.70903,-83.096,12,20,3,0.01
MRCB22,223.5,224,9788.050528,10740.91163,-83.52,12,20,3,0.02
MRCB22,224,224.5,9788.220337,10741.11424,-83.944,12,20,3,0.01
MRCB22,224.5,225,9788.390146,10741.31685,-84.368,12,20,3,0.01
MRCB22,225,225.5,9788.559955,10741.51945,-84.792,12,14,3,0.01
MRCB22,225.5,226,9788.729764,10741.72206,-85.216,12,14,3,0.01
MRCB22,226,226.5,9788.899573,10741.92467,-85.64,12,24,4,0.01
MRCB22,226.5,227,9789.069382,10742.12727,-86.064,12,24,4,0.01
MRCB22,227,227.5,9789.239191,10742.32988,-86.488,12,24,4,0.01
MRCB22,227.5,228,9789.409,10742.53249,-86.912,12,24,4,0.01
MRCB22,228,228.5,9789.578809,10742.7351,-87.336,12,24,4,0.01
MRCB22,228.5,229,9789.748618,10742.9377,-87.76,12,24,4,0.01
MRCB22,229,229.5,9789.918427,10743.14031,-88.184,12,13,1,0.01
MRCB22,229.5,230,9790.088236,10743.34292,-88.608,12,13,1,0.01
MRCB22,230,230.5,9790.258045,10743.54552,-89.032,12,13,1,0.01
MRCB22,230.5,231,9790.427854,10743.74813,-89.456,12,13,1,0.01
MRCB22,231,231.5,9790.597663,10743.95074,-89.88,12,13,1,0.01
MRCB22,279,279.5,9806.899327,10763.40101,-130.584,16,14,4,0.01
MRCB22,279.5,280,9807.069136,10763.60362,-131.008,16,14,4,0.01
MRCB22,280,280.5,9807.238945,10763.80622,-131.432,16,25,5,0.12
MRCB22,280.5,281,9807.408754,10764.00883,-131.856,16,25,5,0.01
MRCB22,281,281.5,9807.578563,10764.21144,-132.28,16,25,5,0.01
MRCB22,281.5,282,9807.748372,10764.41404,-132.704,16,25,5,0.01
MRCB22,282,282.5,9807.918181,10764.61665,-133.128,16,25,5,0.01
MRCB22,282.5,283,9808.08799,10764.81926,-133.552,16,25,5,0.01
MRCB22,283,283.5,9808.257799,10765.02187,-133.976,17,25,2,0.01
MRCB22,283.5,284,9808.427608,10765.22447,-134.4,17,25,2,0.01
MRCB22,284,284.5,9808.597417,10765.42708,-134.824,17,25,2,0.01
MRCB22,284.5,285,9808.767226,10765.62969,-135.248,17,25,2,0.01
MRCB22,285,285.5,9808.937035,10765.83229,-135.672,17,25,2,0.01
MRCB22,285.5,286,9809.106844,10766.0349,-136.096,17,25,2,0.01
MRCB22,286,286.5,9809.276653,10766.23751,-136.52,17,15,2,0.01
MRCB22,286.5,287,9809.446462,10766.44011,-136.944,17,15,2,0.01
MRCB22,295.5,296,9812.503024,10770.08704,-144.576,9,26,4,0.01
MRCB22,296,296.5,9812.672833,10770.28965,-145,9,26,4,0.01
MRCB22,296.5,297,9812.842642,10770.49225,-145.424,9,26,4,0.01
MRCB22,297,297.5,9813.012451,10770.69486,-145.848,9,26,4,0.27
MRCB22,297.5,298,9813.18226,10770.89747,-146.272,9,26,4,0.02
MRCB22,298,298.5,9813.352069,10771.10008,-146.696,9,14,6,0.03
MRCB22,298.5,299,9813.521878,10771.30268,-147.12,9,14,6,0.1
MRCB22,299,299.5,9813.691687,10771.50529,-147.544,9,14,6,0.28
MRCB22,299.5,300,9813.861496,10771.7079,-147.968,9,14,6,0.08
MRCB22,300,300.5,9814.031305,10771.9105,-148.392,9,14,6,0.04
MRCB22,300.5,301,9814.201114,10772.11311,-148.816,9,14,6,0.04
MRCB22,301,301.5,9814.370923,10772.31572,-149.24,9,27,6,0.07
MRCB22,301.5,302,9814.540732,10772.51832,-149.664,9,27,6,0.2
MRCB22,302,302.5,9814.710541,10772.72093,-150.088,9,27,6,0.13
MRCB22,302.5,303,9814.88035,10772.92354,-150.512,11,14,2,0.18
MRCB22,303,303.5,9815.050159,10773.12615,-150.936,11,14,2,0.04
MRCB22,303.5,304,9815.219968,10773.32875,-151.36,11,14,2,0.04
MRCB22,312,312.5,9818.106721,10776.77307,-158.568,11,14,7,0.01
MRCB22,312.5,313,9818.27653,10776.97568,-158.992,11,14,7,0.01
MRCB22,313,313.5,9818.446339,10777.17829,-159.416,11,2,7,0.04
MRCB22,313.5,314,9818.616148,10777.38089,-159.84,11,2,1,0.05
MRCB22,314,314.5,9818.785957,10777.5835,-160.264,11,28,1,0.08
MRCB22,314.5,315,9818.955766,10777.78611,-160.688,11,29,1,0.08
MRCB22,315,315.5,9819.125575,10777.98871,-161.112,11,29,1,0.01
MRCB22,315.5,316,9819.295384,10778.19132,-161.536,11,25,1,0.1
MRCB22,316,316.5,9819.465193,10778.39393,-161.96,11,25,4,0.1
MRCB22,316.5,317,9819.635002,10778.59653,-162.384,11,25,4,0.06
MRCB22,317,317.5,9819.804811,10778.79914,-162.808,11,25,4,0.05
MRCB22,317.5,318,9819.97462,10779.00175,-163.232,11,25,4,0.09
MRCB22,318,318.5,9820.144429,10779.20436,-163.656,11,25,4,0.16
MRCB22,318.5,319,9820.314238,10779.40696,-164.08,11,1,4,0.12
MRCB22,319,319.5,9820.484047,10779.60957,-164.504,18,1,1,0.12
MRCB22,322,322.5,9821.502901,10780.82521,-167.048,18,14,2,0.01
MRCB22,322.5,323,9821.67271,10781.02782,-167.472,18,14,2,0.01
MRCB22,323,323.5,9821.842519,10781.23043,-167.896,3,30,0,0.15
MRCB22,323.5,324,9822.012328,10781.43303,-168.32,2,30,0,0.28
MRCB22,324,324.5,9822.182137,10781.63564,-168.744,2,30,0,0.13
MRCB22,324.5,325,9822.351946,10781.83825,-169.168,2,30,0,0.35
MRCB22,325,325.5,9822.521755,10782.04085,-169.592,2,31,1,0.07
MRCB22,325.5,326,9822.691564,10782.24346,-170.016,2,31,1,0.04
MRCB22,326,326.5,9822.861373,10782.44607,-170.44,2,31,1,0.08
MRCB22,326.5,327,9823.031182,10782.64867,-170.864,2,31,1,0.08
MRCB22,327,327.5,9823.200991,10782.85128,-171.288,2,14,1,0.01
MRCB22,327.5,328,9823.3708,10783.05389,-171.712,2,14,2,0.03
MRCB22,328,328.5,9823.540609,10783.2565,-172.136,11,14,0,0.04
MRCB22,328.5,329,9823.710418,10783.4591,-172.56,11,32,0,0.13
MRCB22,329,329.5,9823.880227,10783.66171,-172.984,11,32,2,0.18
MRCB22,329.5,330,9824.050036,10783.86432,-173.408,11,14,8,0.18
MRCB22,335.5,336,9826.087744,10786.2956,-178.496,11,15,0,0.13
MRCB22,336,336.5,9826.257553,10786.49821,-178.92,11,15,0,0.13
MRCB22,336.5,337,9826.427362,10786.70081,-179.344,11,16,0,0.25
MRCB22,337,337.5,9826.597171,10786.90342,-179.768,16,16,0,0.48
MRCB22,337.5,338,9826.76698,10787.10603,-180.192,11,32,4,0.26
MRCB22,338,338.5,9826.936789,10787.30864,-180.616,11,32,4,0.11
MRCB22,338.5,339,9827.106598,10787.51124,-181.04,11,32,4,0.08
MRCB22,339,339.5,9827.276407,10787.71385,-181.464,11,32,4,0.06
MRCB22,339.5,340,9827.446216,10787.91646,-181.888,11,32,4,0.06
MRCB22,343,343.5,9828.634879,10789.33471,-184.856,2,14,9,0.01
MRCB22,343.5,344,9828.804688,10789.53731,-185.28,2,14,10,0.01
MRCB22,344,344.5,9828.974497,10789.73992,-185.704,2,14,10,0.09
MRCB22,344.5,345,9829.144306,10789.94253,-186.128,11,33,5,0.06
MRCB22,345,345.5,9829.314115,10790.14513,-186.552,11,33,5,0.67
MRCB22,345.5,346,9829.483924,10790.34774,-186.976,11,33,5,0.09
MRCB22,346,346.5,9829.653733,10790.55035,-187.4,11,34,1,0.04
MRCB22,346.5,347,9829.823542,10790.75295,-187.824,11,34,1,0.02
MRCB22,347,347.5,9829.993351,10790.95556,-188.248,11,34,1,0.17
MRCB22,347.5,348,9830.16316,10791.15817,-188.672,11,34,1,0.28
MRCB22,348,348.5,9830.332969,10791.36078,-189.096,11,34,1,0.11
MRCB22,348.5,349,9830.502778,10791.56338,-189.52,11,34,1,0.09
MRCB22,349,349.5,9830.672587,10791.76599,-189.944,1,34,1,0.13
MRCB22,349.5,350,9830.842396,10791.9686,-190.368,1,34,1,0.11
MRCB22,350,350.5,9831.012205,10792.1712,-190.792,1,34,1,0.04
MRCB22,350.5,351,9831.182014,10792.37381,-191.216,1,34,1,0.03
MRCB22,351,351.5,9831.351823,10792.57642,-191.64,1,34,1,0.09
MRCB22,351.5,352,9831.521632,10792.77902,-192.064,1,34,1,0.08
MRCB22,352,352.5,9831.691441,10792.98163,-192.488,1,34,0,0.05
MRCB22,352.5,353,9831.86125,10793.18424,-192.912,9,17,0,0.44
MRCB22,353,353.5,9832.031059,10793.38685,-193.336,11,17,2,0.29
MRCB22,353.5,354,9832.200868,10793.58945,-193.76,11,17,2,0.05
MRCB22,354,354.5,9832.370677,10793.79206,-194.184,11,17,2,0.23
MRCB22,354.5,355,9832.540486,10793.99467,-194.608,11,17,2,0.74
MRCB22,355,355.5,9832.710295,10794.19727,-195.032,19,35,0,0.47
MRCB22,355.5,356,9832.880104,10794.39988,-195.456,19,35,0,0.4
MRCB22,356,356.5,9833.049913,10794.60249,-195.88,19,35,0,1.04
MRCB22,356.5,357,9833.219722,10794.80509,-196.304,19,35,0,1.43
MRCB22,357,357.5,9833.389531,10795.0077,-196.728,18,20,4,0.24
MRCB22,357.5,358,9833.55934,10795.21031,-197.152,18,20,4,0.15
MRCB22,358,358.5,9833.729149,10795.41292,-197.576,19,20,4,0.25
MRCB22,358.5,359,9833.898958,10795.61552,-198,19,32,0,1.11
MRCB22,359,359.5,9834.068767,10795.81813,-198.424,19,32,0,0.26
MRCB22,359.5,360,9834.238576,10796.02074,-198.848,19,32,0,1.47
MRCB22,360,360.5,9834.408385,10796.22334,-199.272,19,32,0,0.45
MRCB22,360.5,361,9834.578194,10796.42595,-199.696,19,32,1,0.55
MRCB22,361,361.5,9834.748003,10796.62856,-200.12,19,36,1,0.69
MRCB22,361.5,362,9834.917812,10796.83116,-200.544,19,36,1,0.58
MRCB22,362,362.5,9835.087621,10797.03377,-200.968,19,36,1,0.58
MRCB22,362.5,363,9835.25743,10797.23638,-201.392,19,36,1,0.64
MRCB22,363,363.5,9835.427239,10797.43899,-201.816,11,36,1,0.45
MRCB22,363.5,364,9835.597048,10797.64159,-202.24,11,36,1,0.36
MRCB22,364,364.5,9835.766857,10797.8442,-202.664,19,37,2,0.96
MRCB22,364.5,365,9835.936666,10798.04681,-203.088,19,37,2,0.81
MRCB22,365,365.5,9836.106475,10798.24941,-203.512,19,37,2,0.43
MRCB22,365.5,366,9836.276284,10798.45202,-203.936,1,32,0,0.17
MRCB22,366,366.5,9836.446093,10798.65463,-204.36,1,32,0,0.16
MRCB22,366.5,367,9836.615902,10798.85723,-204.784,1,32,0,0.19
MRCB22,367,367.5,9836.785711,10799.05984,-205.208,1,14,4,0.01
MRCB22,367.5,368,9836.95552,10799.26245,-205.632,1,14,4,0.01
MRCB22,368,368.5,9837.125329,10799.46506,-206.056,1,14,4,0.02
MRCB22,368.5,369,9837.295138,10799.66766,-206.48,1,14,4,0.23
MRCB22,369,369.5,9837.464947,10799.87027,-206.904,1,14,4,0.17
MRCB22,369.5,370,9837.634756,10800.07288,-207.328,1,14,4,0.18
MRCB22,370,370.5,9837.804565,10800.27548,-207.752,1,14,4,0.23
MRCB22,370.5,371,9837.974374,10800.47809,-208.176,1,14,4,0.12
MRCB22,371,371.5,9838.144183,10800.6807,-208.6,1,14,0,0.62
MRCB22,371.5,372,9838.313992,10800.8833,-209.024,11,14,0,0.61
MRCB22,372,372.5,9838.483801,10801.08591,-209.448,11,38,4,0.46
MRCB22,372.5,373,9838.65361,10801.28852,-209.872,11,38,4,0.23
MRCB22,373,373.5,9838.823419,10801.49113,-210.296,19,39,0,0.51
MRCB22,373.5,374,9838.993228,10801.69373,-210.72,19,39,0,0.23
MRCB22,374,374.5,9839.163037,10801.89634,-211.144,11,14,11,0.4
MRCB22,374.5,375,9839.332846,10802.09895,-211.568,11,14,11,0.11
MRCB22,375,375.5,9839.502655,10802.30155,-211.992,11,14,11,0.08
MRCB22,375.5,376,9839.672464,10802.50416,-212.416,11,14,1,0.08
MRCB22,376,376.5,9839.842273,10802.70677,-212.84,11,40,1,0.27
MRCB22,376.5,377,9840.012082,10802.90937,-213.264,11,40,1,0.5
MRCB22,377,377.5,9840.181891,10803.11198,-213.688,19,41,1,0.91
MRCB22,377.5,378,9840.3517,10803.31459,-214.112,11,41,1,0.42
MRCB22,378,378.5,9840.521509,10803.5172,-214.536,11,42,1,0.22
MRCB22,378.5,379,9840.691318,10803.7198,-214.96,11,42,1,0.77
MRCB22,379,379.5,9840.861127,10803.92241,-215.384,11,42,12,0.74
MRCB22,379.5,380,9841.030936,10804.12502,-215.808,11,42,12,0.15
MRCB22,380,380.5,9841.200745,10804.32762,-216.232,11,16,0,0.31
MRCB22,380.5,381,9841.370554,10804.53023,-216.656,11,16,0,0.16
MRCB22,381,381.5,9841.540363,10804.73284,-217.08,11,14,2,0.04
MRCB22,381.5,382,9841.710172,10804.93544,-217.504,20,14,13,0.01
MRCB22,382,382.5,9841.879981,10805.13805,-217.928,19,25,1,0.16
MRCB22,382.5,383,9842.04979,10805.34066,-218.352,19,25,1,0.38
MRCB22,383,383.5,9842.219599,10805.54327,-218.776,19,25,1,0.67
MRCB22,383.5,384,9842.389408,10805.74587,-219.2,19,25,1,2.4
MRCB22,384,384.5,9842.559217,10805.94848,-219.624,19,25,1,1.48
MRCB22,384.5,385,9842.729026,10806.15109,-220.048,19,25,1,0.51
MRCB22,385,385.5,9842.898835,10806.35369,-220.472,19,43,0,0.47
MRCB22,385.5,386,9843.068644,10806.5563,-220.896,19,43,0,0.5
MRCB22,386,386.5,9843.238453,10806.75891,-221.32,19,43,0,0.38
MRCB22,386.5,387,9843.408262,10806.96151,-221.744,19,43,0,0.95
MRCB22,387,387.5,9843.578071,10807.16412,-222.168,19,14,2,1.22
MRCB22,387.5,388,9843.74788,10807.36673,-222.592,19,14,2,0.76
MRCB22,388,388.5,9843.917689,10807.56934,-223.016,2,43,0,0.23
MRCB22,388.5,389,9844.087498,10807.77194,-223.44,2,43,0,0.35
MRCB22,389,389.5,9844.257307,10807.97455,-223.864,2,43,0,0.4
MRCB22,389.5,390,9844.427116,10808.17716,-224.288,2,43,0,0.44
MRCB22,390,390.5,9844.596925,10808.37976,-224.712,2,43,0,0.39
MRCB22,390.5,391,9844.766734,10808.58237,-225.136,2,43,0,0.46
MRCB22,391,391.5,9844.936543,10808.78498,-225.56,9,40,5,0.38
MRCB22,391.5,392,9845.106352,10808.98758,-225.984,9,44,1,0.6
MRCB22,392,392.5,9845.276161,10809.19019,-226.408,9,44,1,0.83
MRCB22,392.5,393,9845.44597,10809.3928,-226.832,9,44,1,0.43
MRCB22,393,393.5,9845.615779,10809.59541,-227.256,9,44,1,0.9
MRCB22,393.5,394,9845.785588,10809.79801,-227.68,9,44,1,0.37
MRCB22,394,394.5,9845.955397,10810.00062,-228.104,10,40,2,0.47
MRCB22,394.5,395,9846.125206,10810.20323,-228.528,10,40,2,0.57
MRCB22,395,395.5,9846.295015,10810.40583,-228.952,10,40,2,0.49
MRCB22,395.5,396,9846.464824,10810.60844,-229.376,10,40,2,0.31
MRCB22,396,396.5,9846.634633,10810.81105,-229.8,10,40,2,0.23
MRCB22,396.5,397,9846.804442,10811.01365,-230.224,10,40,2,0.43
MRCB22,397,397.5,9846.974251,10811.21626,-230.648,11,14,1,0.47
MRCB22,397.5,398,9847.14406,10811.41887,-231.072,11,15,11,0.29
MRCB22,398,398.5,9847.313869,10811.62148,-231.496,10,15,11,0.59
MRCB22,398.5,399,9847.483678,10811.82408,-231.92,10,14,2,0.41
MRCB22,399,399.5,9847.653487,10812.02669,-232.344,11,20,0,0.38
MRCB22,399.5,400,9847.823296,10812.2293,-232.768,11,20,0,0.14
MRCB22,400,400.5,9847.993105,10812.4319,-233.192,11,15,1,0.29
MRCB22,400.5,401,9848.162914,10812.63451,-233.616,11,15,1,0.29
MRCB22,401,401.5,9848.332723,10812.83712,-234.04,11,29,5,0.38
MRCB22,401.5,402,9848.502532,10813.03972,-234.464,11,29,5,0.31
MRCB22,402,402.5,9848.672341,10813.24233,-234.888,11,29,5,0.55
MRCB22,402.5,403,9848.84215,10813.44494,-235.312,11,29,5,0.26
MRCB22,403,403.5,9849.011959,10813.64755,-235.736,11,29,5,0.21
MRCB22,403.5,404,9849.181768,10813.85015,-236.16,2,34,1,0.36
MRCB22,404,404.5,9849.351577,10814.05276,-236.584,2,34,1,0.56
MRCB22,404.5,405,9849.521386,10814.25537,-237.008,2,45,1,0.56
MRCB22,405,405.5,9849.691195,10814.45797,-237.432,10,45,1,0.38
MRCB22,405.5,406,9849.861004,10814.66058,-237.856,10,45,1,0.37
MRCB22,406,406.5,9850.030813,10814.86319,-238.28,10,14,0,0.73
MRCB22,406.5,407,9850.200622,10815.06579,-238.704,10,14,0,0.14
MRCB22,407,407.5,9850.370431,10815.2684,-239.128,9,16,0,0.47
MRCB22,407.5,408,9850.54024,10815.47101,-239.552,11,20,0,0.49
MRCB22,408,408.5,9850.710049,10815.67362,-239.976,21,18,0,0.8
MRCB22,408.5,409,9850.879858,10815.87622,-240.4,21,18,1,0.35
MRCB22,409,409.5,9851.049667,10816.07883,-240.824,16,18,1,0.32
MRCB22,409.5,410,9851.219476,10816.28144,-241.248,2,14,1,1.22
MRCB22,410,410.5,9851.389285,10816.48404,-241.672,2,34,1,0.75
MRCB22,410.5,411,9851.559094,10816.68665,-242.096,2,34,1,0.67
MRCB22,411,411.5,9851.728903,10816.88926,-242.52,2,34,1,0.44
MRCB22,411.5,412,9851.898712,10817.09186,-242.944,2,34,1,0.27
MRCB22,412,412.5,9852.068521,10817.29447,-243.368,9,39,2,0.48
MRCB22,412.5,413,9852.23833,10817.49708,-243.792,9,39,2,0.37
MRCB22,413,413.5,9852.408139,10817.69969,-244.216,10,46,2,0.75
MRCB22,413.5,414,9852.577948,10817.90229,-244.64,10,46,2,0.5
MRCB22,414,414.5,9852.747757,10818.1049,-245.064,2,32,1,2.23
MRCB22,414.5,415,9852.917566,10818.30751,-245.488,2,32,1,0.76
MRCB22,415,415.5,9853.087375,10818.51011,-245.912,10,14,0,0.2
MRCB22,415.5,416,9853.257184,10818.71272,-246.336,10,14,0,0.19
MRCB22,416,416.5,9853.426993,10818.91533,-246.76,10,14,0,0.6
MRCB22,416.5,417,9853.596802,10819.11793,-247.184,10,14,0,0.75
MRCB22,417,417.5,9853.766611,10819.32054,-247.608,10,14,0,0.22
MRCB22,417.5,418,9853.93642,10819.52315,-248.032,10,14,0,0.3
MRCB22,418,418.5,9854.106229,10819.72576,-248.456,10,14,0,0.36
MRCB22,418.5,419,9854.276038,10819.92836,-248.88,9,14,0,0.46
MRCB22,419,419.5,9854.445847,10820.13097,-249.304,9,14,0,0.24
MRCB22,419.5,420,9854.615656,10820.33358,-249.728,9,16,0,0.31
MRCB22,420,420.5,9854.785465,10820.53618,-250.152,9,16,0,0.65
MRCB22,420.5,421,9854.955274,10820.73879,-250.576,9,16,0,0.57
MRCB22,421,421.5,9855.125083,10820.9414,-251,9,14,0,0.53
MRCB22,421.5,422,9855.294892,10821.144,-251.424,9,14,0,0.05
MRCB22,422,422.5,9855.464701,10821.34661,-251.848,9,14,0,0.04
MRCB22,422.5,423,9855.63451,10821.54922,-252.272,9,14,0,0.14
MRCB22,423,423.5,9855.804319,10821.75183,-252.696,9,14,0,0.21
MRCB22,423.5,424,9855.974128,10821.95443,-253.12,9,14,0,0.1
MRCB22,424,424.5,9856.143937,10822.15704,-253.544,11,14,13,0.21
MRCB22,424.5,425,9856.313746,10822.35965,-253.968,11,14,13,0.21
MRCB22,425,425.5,9856.483555,10822.56225,-254.392,11,14,13,0.01
MRCB22,425.5,426,9856.653364,10822.76486,-254.816,11,14,13,0.01
MRCB22,436,436.5,9860.219353,10827.01961,-263.72,11,22,1,0.01
MRCB22,436.5,437,9860.389162,10827.22221,-264.144,2,22,1,0.01
MRCB22,437,437.5,9860.558971,10827.42482,-264.568,2,14,1,0.04
MRCB22,437.5,438,9860.72878,10827.62743,-264.992,2,14,1,0.04
MRCB22,438,438.5,9860.898589,10827.83004,-265.416,2,14,1,0.07
MRCB22,438.5,439,9861.068398,10828.03264,-265.84,2,14,1,0.07
MRCB22,439,439.5,9861.238207,10828.23525,-266.264,9,32,1,0.39
MRCB22,439.5,440,9861.408016,10828.43786,-266.688,9,32,1,0.06
MRCB22,440,440.5,9861.577825,10828.64046,-267.112,9,32,1,0.01
MRCB22,440.5,441,9861.747634,10828.84307,-267.536,9,32,1,0.12
MRCB22,441,441.5,9861.917443,10829.04568,-267.96,9,32,1,0.73
MRCB22,441.5,442,9862.087252,10829.24828,-268.384,9,32,1,0.35
MRCB22,442,442.5,9862.257061,10829.45089,-268.808,9,32,1,0.14
MRCB22,442.5,443,9862.42687,10829.6535,-269.232,9,32,1,0.15
MRCB22,443,443.5,9862.596679,10829.85611,-269.656,9,32,1,0.08
MRCB22,443.5,444,9862.766488,10830.05871,-270.08,9,32,1,0.46
MRCB22,444,444.5,9862.936297,10830.26132,-270.504,9,32,1,0.03
MRCB22,444.5,445,9863.106106,10830.46393,-270.928,9,14,1,0.72
MRCB22,445,445.5,9863.275915,10830.66653,-271.352,2,14,1,0.01
MRCB22,445.5,446,9863.445724,10830.86914,-271.776,10,14,2,0.01
MRCB22,446,446.5,9863.615533,10831.07175,-272.2,10,14,2,0.01
MRCB22,446.5,447,9863.785342,10831.27435,-272.624,10,14,2,0.01
MRCB22,450,450.5,9864.974005,10832.6926,-275.592,2,14,0,0.01
MRCB22,450.5,451,9865.143814,10832.89521,-276.016,2,14,0,0.01
MRCB22,451,451.5,9865.313623,10833.09782,-276.44,2,47,2,0.01
MRCB22,451.5,452,9865.483432,10833.30042,-276.864,2,47,2,0.01
MRCB22,452,452.5,9865.653241,10833.50303,-277.288,2,47,2,0.01
MRCB22,452.5,453,9865.82305,10833.70564,-277.712,2,47,2,0.01
MRCB22,453,453.5,9865.992859,10833.90825,-278.136,2,47,2,0.01
MRCB22,453.5,454,9866.162668,10834.11085,-278.56,2,47,2,0.01
MRCB22,454,454.5,9866.332477,10834.31346,-278.984,2,15,1,0.01
MRCB22,454.5,455,9866.502286,10834.51607,-279.408,2,15,1,0.01
MRCB22,455,455.5,9866.672095,10834.71867,-279.832,2,15,1,0.01
MRCB22,455.5,456,9866.841904,10834.92128,-280.256,11,15,1,0.01
MRCB23,221,221.5,9570.455758,10842.68292,-83.19225,17,14,0,0.01
MRCB23,221.5,222,9570.635197,10842.89702,-83.60675,17,14,0,0.01
MRCB23,222,222.5,9570.814636,10843.11112,-84.02125,17,15,14,0.01
MRCB23,222.5,223,9570.994075,10843.32521,-84.43575,17,15,14,0.01
MRCB23,223,223.5,9571.173514,10843.53931,-84.85025,17,15,14,0.01
MRCB23,223.5,224,9571.352953,10843.75341,-85.26475,17,15,14,0.01
MRCB23,224,224.5,9571.532392,10843.9675,-85.67925,17,15,14,0.01
MRCB23,224.5,225,9571.711831,10844.1816,-86.09375,17,15,14,0.01
MRCB23,225,225.5,9571.89127,10844.3957,-86.50825,16,48,15,0.01
MRCB23,225.5,226,9572.070709,10844.6098,-86.92275,16,48,15,0.01
MRCB23,226,226.5,9572.250148,10844.82389,-87.33725,16,48,15,0.01
MRCB23,226.5,227,9572.429587,10845.03799,-87.75175,16,48,15,0.01
MRCB23,227,227.5,9572.609026,10845.25209,-88.16625,16,48,15,0.01
MRCB23,227.5,228,9572.788465,10845.46618,-88.58075,16,48,15,0.01
MRCB23,228,228.5,9572.967904,10845.68028,-88.99525,16,14,1,0.01
MRCB23,228.5,229,9573.147343,10845.89438,-89.40975,16,14,1,0.01
MRCB23,229,229.5,9573.326782,10846.10847,-89.82425,16,14,1,0.01
MRCB23,229.5,230,9573.506221,10846.32257,-90.23875,16,14,1,0.01
MRCB23,230,230.5,9573.68566,10846.53667,-90.65325,16,14,1,0.01
MRCB23,230.5,231,9573.865099,10846.75077,-91.06775,16,14,1,0.01
MRCB23,231,231.5,9574.044538,10846.96486,-91.48225,2,32,1,0.01
MRCB23,231.5,232,9574.223977,10847.17896,-91.89675,16,32,14,0.01
MRCB23,232,232.5,9574.403416,10847.39306,-92.31125,16,49,14,0.01
MRCB23,232.5,233,9574.582855,10847.60715,-92.72575,16,49,14,0.01
MRCB23,233,233.5,9574.762294,10847.82125,-93.14025,16,49,14,0.02
MRCB23,233.5,234,9574.941733,10848.03535,-93.55475,16,49,14,0.01
MRCB23,234,234.5,9575.121172,10848.24944,-93.96925,16,49,14,0.01
MRCB23,239,239.5,9576.915562,10850.39041,-98.11425,16,50,2,0.01
MRCB23,239.5,240,9577.095001,10850.60451,-98.52875,11,50,2,0.01
MRCB23,240,240.5,9577.27444,10850.81861,-98.94325,11,15,16,0.02
MRCB23,240.5,241,9577.453879,10851.03271,-99.35775,11,15,16,0.11
MRCB23,241,241.5,9577.633318,10851.2468,-99.77225,11,15,16,0.01
MRCB23,241.5,242,9577.812757,10851.4609,-100.18675,11,15,16,0.01
MRCB23,242,242.5,9577.992196,10851.675,-100.60125,11,15,16,0.01
MRCB23,242.5,243,9578.171635,10851.88909,-101.01575,11,15,16,0.01
MRCB23,243,243.5,9578.351074,10852.10319,-101.43025,16,15,16,0.01
MRCB23,243.5,244,9578.530513,10852.31729,-101.84475,16,15,1,0.61
MRCB23,244,244.5,9578.709952,10852.53138,-102.25925,16,15,1,0.14
MRCB23,244.5,245,9578.889391,10852.74548,-102.67375,16,15,1,0.16
MRCB23,245,245.5,9579.06883,10852.95958,-103.08825,16,15,1,0.09
MRCB23,245.5,246,9579.248269,10853.17368,-103.50275,16,15,1,0.19
MRCB23,246,246.5,9579.427708,10853.38777,-103.91725,16,14,0,0.08
MRCB23,246.5,247,9579.607147,10853.60187,-104.33175,16,14,0,0.29
MRCB23,247,247.5,9579.786586,10853.81597,-104.74625,16,14,0,0.18
MRCB23,247.5,248,9579.966025,10854.03006,-105.16075,16,14,0,0.09
MRCB23,248,248.5,9580.145464,10854.24416,-105.57525,16,14,0,0.15
MRCB23,248.5,249,9580.324903,10854.45826,-105.98975,16,14,0,0.04
MRCB23,249,249.5,9580.504342,10854.67235,-106.40425,16,14,3,0.04
MRCB23,249.5,250,9580.683781,10854.88645,-106.81875,16,14,3,0.01
MRCB23,250,250.5,9580.86322,10855.10055,-107.23325,16,14,3,0.04
MRCB23,250.5,251,9581.042659,10855.31465,-107.64775,16,14,3,0.01
MRCB23,251,251.5,9581.222098,10855.52874,-108.06225,16,14,3,0.04
MRCB23,251.5,252,9581.401537,10855.74284,-108.47675,16,14,3,0.02
MRCB23,252,252.5,9581.580976,10855.95694,-108.89125,2,14,4,0.01
MRCB23,252.5,253,9581.760415,10856.17103,-109.30575,2,14,4,0.03
MRCB23,253,253.5,9581.939854,10856.38513,-109.72025,2,14,4,0.03
MRCB23,253.5,254,9582.119293,10856.59923,-110.13475,2,14,4,0.04
MRCB23,254,254.5,9582.298732,10856.81332,-110.54925,2,14,4,0.2
MRCB23,254.5,255,9582.478171,10857.02742,-110.96375,2,14,4,0.06
MRCB23,255,255.5,9582.65761,10857.24152,-111.37825,16,26,4,0.08
MRCB23,255.5,256,9582.837049,10857.45562,-111.79275,16,26,4,0.1
MRCB23,256,256.5,9583.016488,10857.66971,-112.20725,16,26,4,0.06
MRCB23,256.5,257,9583.195927,10857.88381,-112.62175,16,26,4,0.09
MRCB23,257,257.5,9583.375366,10858.09791,-113.03625,16,26,4,0.21
MRCB23,257.5,258,9583.554805,10858.312,-113.45075,16,32,4,0.07
MRCB23,258,258.5,9583.734244,10858.5261,-113.86525,16,32,1,0.07
MRCB23,260,260.5,9584.452,10859.38249,-115.52325,16,32,1,0.05
MRCB23,260.5,261,9584.631439,10859.59659,-115.93775,16,32,1,0.07
MRCB23,261,261.5,9584.810878,10859.81068,-116.35225,2,32,1,0.13
MRCB23,261.5,262,9584.990317,10860.02478,-116.76675,2,32,1,0.07
MRCB23,262,262.5,9585.169756,10860.23888,-117.18125,2,32,1,0.02
MRCB23,262.5,263,9585.349195,10860.45297,-117.59575,16,29,4,0.12
MRCB23,263,263.5,9585.528634,10860.66707,-118.01025,16,29,4,0.08
MRCB23,263.5,264,9585.708073,10860.88117,-118.42475,16,29,4,0.21
MRCB23,264,264.5,9585.887512,10861.09526,-118.83925,2,38,0,0.29
MRCB23,264.5,265,9586.066951,10861.30936,-119.25375,2,38,0,0.41
MRCB23,265,265.5,9586.24639,10861.52346,-119.66825,2,38,0,0.44
MRCB23,265.5,266,9586.425829,10861.73756,-120.08275,2,32,0,0.12
MRCB23,266,266.5,9586.605268,10861.95165,-120.49725,2,32,0,0.4
MRCB23,266.5,267,9586.784707,10862.16575,-120.91175,2,32,0,0.17
MRCB23,267,267.5,9586.964146,10862.37985,-121.32625,2,32,0,0.68
MRCB23,267.5,268,9587.143585,10862.59394,-121.74075,11,15,0,0.08
MRCB23,268,268.5,9587.323024,10862.80804,-122.15525,11,15,0,0.08
MRCB23,268.5,269,9587.502463,10863.02214,-122.56975,11,15,0,0.01
MRCB23,269,269.5,9587.681902,10863.23623,-122.98425,11,15,0,0.01
MRCB23,269.5,270,9587.861341,10863.45033,-123.39875,11,15,0,0.04
MRCB23,270,270.5,9588.04078,10863.66443,-123.81325,11,15,4,0.04
MRCB23,270.5,271,9588.220219,10863.87853,-124.22775,11,15,4,0.13
MRCB23,271,271.5,9588.399658,10864.09262,-124.64225,11,15,4,0.06
MRCB23,271.5,272,9588.579097,10864.30672,-125.05675,11,15,4,0.1
MRCB23,272,272.5,9588.758536,10864.52082,-125.47125,11,15,4,0.1
MRCB23,272.5,273,9588.937975,10864.73491,-125.88575,11,15,4,0.07
MRCB23,273,273.5,9589.117414,10864.94901,-126.30025,2,15,7,0.06
MRCB23,273.5,274,9589.296853,10865.16311,-126.71475,2,15,7,0.16
MRCB23,274,274.5,9589.476292,10865.3772,-127.12925,2,15,7,0.15
MRCB23,274.5,275,9589.655731,10865.5913,-127.54375,2,15,7,0.18
MRCB23,275,275.5,9589.83517,10865.8054,-127.95825,2,51,1,0.11
MRCB23,275.5,276,9590.014609,10866.0195,-128.37275,2,51,1,0.03
MRCB23,276,276.5,9590.194048,10866.23359,-128.78725,2,14,1,0.02
MRCB23,276.5,277,9590.373487,10866.44769,-129.20175,2,14,1,0.02
MRCB23,277,277.5,9590.552926,10866.66179,-129.61625,2,14,1,0.02
MRCB23,277.5,278,9590.732365,10866.87588,-130.03075,2,14,1,0.06
MRCB23,278,278.5,9590.911804,10867.08998,-130.44525,11,52,0,0.06
MRCB23,278.5,279,9591.091243,10867.30408,-130.85975,11,52,0,0.06
MRCB23,298.5,299,9598.268803,10875.86796,-147.43975,10,26,4,0.01
MRCB23,299,299.5,9598.448242,10876.08205,-147.85425,1,26,4,0.01
MRCB23,299.5,300,9598.627681,10876.29615,-148.26875,1,14,0,0.14
MRCB23,300,300.5,9598.80712,10876.51025,-148.68325,1,14,4,0.41
MRCB23,300.5,301,9598.986559,10876.72435,-149.09775,11,16,4,0.06
MRCB23,301,301.5,9599.165998,10876.93844,-149.51225,11,16,4,0.06
MRCB23,301.5,302,9599.345437,10877.15254,-149.92675,11,14,4,0.36
MRCB23,302,302.5,9599.524876,10877.36664,-150.34125,11,14,4,0.18
MRCB23,302.5,303,9599.704315,10877.58073,-150.75575,11,14,4,0.01
MRCB23,303,303.5,9599.883754,10877.79483,-151.17025,11,14,0,0.01
MRCB23,305,305.5,9600.60151,10878.65122,-152.82825,11,14,6,0.11
MRCB23,305.5,306,9600.780949,10878.86532,-153.24275,11,14,6,0.11
MRCB23,306,306.5,9600.960388,10879.07941,-153.65725,11,53,6,0.13
MRCB23,306.5,307,9601.139827,10879.29351,-154.07175,9,53,0,0.49
MRCB23,307,307.5,9601.319266,10879.50761,-154.48625,11,14,0,0.23
MRCB23,307.5,308,9601.498705,10879.7217,-154.90075,11,14,0,0.1
MRCB23,308,308.5,9601.678144,10879.9358,-155.31525,11,14,0,0.1
MRCB23,308.5,309,9601.857583,10880.1499,-155.72975,11,14,0,0.1
MRCB23,309,309.5,9602.037022,10880.36399,-156.14425,11,32,1,0.13
MRCB23,309.5,310,9602.216461,10880.57809,-156.55875,11,32,1,0.21
MRCB23,310,310.5,9602.3959,10880.79219,-156.97325,11,32,1,0.14
MRCB23,310.5,311,9602.575339,10881.00629,-157.38775,11,32,1,0.25
MRCB23,311,311.5,9602.754778,10881.22038,-157.80225,11,32,1,0.4
MRCB23,311.5,312,9602.934217,10881.43448,-158.21675,11,32,1,0.45
MRCB23,312,312.5,9603.113656,10881.64858,-158.63125,9,15,0,0.71
MRCB23,312.5,313,9603.293095,10881.86267,-159.04575,9,15,0,0.44
MRCB23,313,313.5,9603.472534,10882.07677,-159.46025,9,15,0,0.98
MRCB23,313.5,314,9603.651973,10882.29087,-159.87475,11,32,4,0.3
MRCB23,314,314.5,9603.831412,10882.50496,-160.28925,11,32,4,0.19
MRCB23,314.5,315,9604.010851,10882.71906,-160.70375,11,32,4,0.19
MRCB23,315,315.5,9604.19029,10882.93316,-161.11825,11,29,7,0.21
MRCB23,315.5,316,9604.369729,10883.14726,-161.53275,11,29,7,0.06
MRCB23,316,316.5,9604.549168,10883.36135,-161.94725,11,29,7,0.17
MRCB23,316.5,317,9604.728607,10883.57545,-162.36175,11,29,7,0.15
MRCB23,317,317.5,9604.908046,10883.78955,-162.77625,11,29,7,0.09
MRCB23,317.5,318,9605.087485,10884.00364,-163.19075,11,29,7,0.08
MRCB23,318,318.5,9605.266924,10884.21774,-163.60525,2,25,12,0.24
MRCB23,318.5,319,9605.446363,10884.43184,-164.01975,2,25,12,0.03
MRCB23,319,319.5,9605.625802,10884.64593,-164.43425,2,25,12,0.09
MRCB23,319.5,320,9605.805241,10884.86003,-164.84875,2,25,12,0.1
MRCB23,320,320.5,9605.98468,10885.07413,-165.26325,2,25,12,0.12
MRCB23,320.5,321,9606.164119,10885.28823,-165.67775,2,25,12,0.16
MRCB23,321,321.5,9606.343558,10885.50232,-166.09225,9,29,1,0.04
MRCB23,321.5,322,9606.522997,10885.71642,-166.50675,9,29,1,0.15
MRCB23,322,322.5,9606.702436,10885.93052,-166.92125,9,29,1,0.09
MRCB23,322.5,323,9606.881875,10886.14461,-167.33575,9,29,1,0.05
MRCB23,323,323.5,9607.061314,10886.35871,-167.75025,9,29,1,0.09
MRCB23,323.5,324,9607.240753,10886.57281,-168.16475,9,29,1,0.1
MRCB23,324,324.5,9607.420192,10886.7869,-168.57925,2,29,5,0.13
MRCB23,324.5,325,9607.599631,10887.001,-168.99375,2,29,5,0.05
MRCB23,325,325.5,9607.77907,10887.2151,-169.40825,2,29,5,0.33
MRCB23,325.5,326,9607.958509,10887.4292,-169.82275,2,29,5,0.03
MRCB23,326,326.5,9608.137948,10887.64329,-170.23725,2,29,5,0.11
MRCB23,326.5,327,9608.317387,10887.85739,-170.65175,11,18,0,0.03
MRCB23,327,327.5,9608.496826,10888.07149,-171.06625,2,18,13,0.03
MRCB23,327.5,328,9608.676265,10888.28558,-171.48075,2,32,13,0.32
MRCB23,328,328.5,9608.855704,10888.49968,-171.89525,2,32,13,0.08
MRCB23,328.5,329,9609.035143,10888.71378,-172.30975,2,32,13,0.06
MRCB23,329,329.5,9609.214582,10888.92787,-172.72425,2,32,13,0.06
MRCB23,329.5,330,9609.394021,10889.14197,-173.13875,2,32,13,0.35
MRCB23,330,330.5,9609.57346,10889.35607,-173.55325,11,34,4,0.44
MRCB23,330.5,331,9609.752899,10889.57017,-173.96775,11,34,4,0.01
MRCB23,331,331.5,9609.932338,10889.78426,-174.38225,11,34,4,0.01
MRCB23,331.5,332,9610.111777,10889.99836,-174.79675,11,34,4,0.03
MRCB23,332,332.5,9610.291216,10890.21246,-175.21125,11,34,4,0.03
MRCB23,332.5,333,9610.470655,10890.42655,-175.62575,11,34,4,0.02
MRCB23,333,333.5,9610.650094,10890.64065,-176.04025,2,29,1,0.31
MRCB23,333.5,334,9610.829533,10890.85475,-176.45475,2,29,1,0.03
MRCB23,334,334.5,9611.008972,10891.06884,-176.86925,2,29,1,0.03
MRCB23,334.5,335,9611.188411,10891.28294,-177.28375,2,29,1,0.25
MRCB23,335,335.5,9611.36785,10891.49704,-177.69825,2,29,1,0.28
MRCB23,335.5,336,9611.547289,10891.71114,-178.11275,2,29,1,0.71
MRCB23,336,336.5,9611.726728,10891.92523,-178.52725,11,45,3,0.15
MRCB23,336.5,337,9611.906167,10892.13933,-178.94175,11,45,3,0.12
MRCB23,337,337.5,9612.085606,10892.35343,-179.35625,11,45,3,0.05
MRCB23,337.5,338,9612.265045,10892.56752,-179.77075,11,45,3,0.66
MRCB23,338,338.5,9612.444484,10892.78162,-180.18525,11,45,3,0.09
MRCB23,338.5,339,9612.623923,10892.99572,-180.59975,11,45,3,0.03
MRCB23,339,339.5,9612.803362,10893.20981,-181.01425,14,14,2,0.13
MRCB23,339.5,340,9612.982801,10893.42391,-181.42875,14,14,2,0.01
MRCB23,340,340.5,9613.16224,10893.63801,-181.84325,14,14,2,0.01
MRCB23,340.5,341,9613.341679,10893.85211,-182.25775,14,14,2,0.06
MRCB23,341,341.5,9613.521118,10894.0662,-182.67225,9,32,7,0.62
MRCB23,341.5,342,9613.700557,10894.2803,-183.08675,9,32,7,0.36
MRCB23,342,342.5,9613.879996,10894.4944,-183.50125,9,45,7,0.28
MRCB23,342.5,343,9614.059435,10894.70849,-183.91575,1,54,0,0.23
MRCB23,343,343.5,9614.238874,10894.92259,-184.33025,1,54,0,0.27
MRCB23,343.5,344,9614.418313,10895.13669,-184.74475,1,54,0,0.51
MRCB23,344,344.5,9614.597752,10895.35078,-185.15925,1,54,0,0.35
MRCB23,344.5,345,9614.777191,10895.56488,-185.57375,1,54,0,0.69
MRCB23,345,345.5,9614.95663,10895.77898,-185.98825,1,38,7,0.38
MRCB23,345.5,346,9615.136069,10895.99308,-186.40275,11,54,0,0.05
MRCB23,346,346.5,9615.315508,10896.20717,-186.81725,11,54,0,0.13
MRCB23,346.5,347,9615.494947,10896.42127,-187.23175,11,54,0,0.17
MRCB23,347,347.5,9615.674386,10896.63537,-187.64625,11,54,0,0.09
MRCB23,347.5,348,9615.853825,10896.84946,-188.06075,11,54,0,0.04
MRCB23,348,348.5,9616.033264,10897.06356,-188.47525,11,54,0,0.01
MRCB23,348.5,349,9616.212703,10897.27766,-188.88975,11,54,0,0.08
MRCB23,349,349.5,9616.392142,10897.49175,-189.30425,11,54,0,0.1
MRCB23,349.5,350,9616.571581,10897.70585,-189.71875,11,54,0,0.1
MRCB23,350,350.5,9616.75102,10897.91995,-190.13325,11,54,0,0.1
MRCB23,350.5,351,9616.930459,10898.13405,-190.54775,11,54,0,0.06
MRCB23,351,351.5,9617.109898,10898.34814,-190.96225,11,14,4,0.06
MRCB23,351.5,352,9617.289337,10898.56224,-191.37675,11,14,4,0.04
MRCB23,352,352.5,9617.468776,10898.77634,-191.79125,11,14,4,0.02
MRCB23,352.5,353,9617.648215,10898.99043,-192.20575,11,14,4,0.2
MRCB23,353,353.5,9617.827654,10899.20453,-192.62025,11,14,4,0.24
MRCB23,353.5,354,9618.007093,10899.41863,-193.03475,11,2,4,0.36
MRCB23,354,354.5,9618.186532,10899.63272,-193.44925,11,2,4,0.25
MRCB23,354.5,355,9618.365971,10899.84682,-193.86375,11,2,4,0.3
MRCB23,355,355.5,9618.54541,10900.06092,-194.27825,11,2,4,0.19
MRCB23,355.5,356,9618.724849,10900.27502,-194.69275,11,2,4,0.09
MRCB23,356,356.5,9618.904288,10900.48911,-195.10725,11,2,4,0.3
MRCB23,356.5,357,9619.083727,10900.70321,-195.52175,11,2,4,0.1
MRCB23,357,357.5,9619.263166,10900.91731,-195.93625,11,16,5,0.04
MRCB23,357.5,358,9619.442605,10901.1314,-196.35075,11,16,5,0.34
MRCB23,358,358.5,9619.622044,10901.3455,-196.76525,11,16,5,1.31
MRCB23,358.5,359,9619.801483,10901.5596,-197.17975,11,16,5,0.8
MRCB23,359,359.5,9619.980922,10901.77369,-197.59425,11,16,5,1.96
MRCB23,359.5,360,9620.160361,10901.98779,-198.00875,11,16,5,1.61
MRCB23,360,360.5,9620.3398,10902.20189,-198.42325,11,14,0,0.77
MRCB23,360.5,361,9620.519239,10902.41599,-198.83775,11,14,0,0.48
MRCB23,361,361.5,9620.698678,10902.63008,-199.25225,9,18,0,1.33
MRCB23,361.5,362,9620.878117,10902.84418,-199.66675,9,18,0,0.72
MRCB23,362,362.5,9621.057556,10903.05828,-200.08125,9,18,0,1.56
MRCB23,362.5,363,9621.236995,10903.27237,-200.49575,2,15,0,0.29
MRCB23,363,363.5,9621.416434,10903.48647,-200.91025,2,25,0,0.15
MRCB23,363.5,364,9621.595873,10903.70057,-201.32475,2,25,0,0.78
MRCB23,364,364.5,9621.775312,10903.91466,-201.73925,2,25,0,0.64
MRCB23,364.5,365,9621.954751,10904.12876,-202.15375,11,55,7,0.31
MRCB23,365,365.5,9622.13419,10904.34286,-202.56825,11,55,7,0.09
MRCB23,365.5,366,9622.313629,10904.55696,-202.98275,11,55,7,0.23
MRCB23,366,366.5,9622.493068,10904.77105,-203.39725,11,32,7,0.51
MRCB23,366.5,367,9622.672507,10904.98515,-203.81175,11,32,7,0.33
MRCB23,367,367.5,9622.851946,10905.19925,-204.22625,11,32,7,0.43
MRCB23,367.5,368,9623.031385,10905.41334,-204.64075,17,44,5,0.21
MRCB23,368,368.5,9623.210824,10905.62744,-205.05525,17,44,5,0.28
MRCB23,368.5,369,9623.390263,10905.84154,-205.46975,17,44,5,0.15
MRCB23,369,369.5,9623.569702,10906.05563,-205.88425,17,16,5,0.39
MRCB23,369.5,370,9623.749141,10906.26973,-206.29875,17,16,5,0.4
MRCB23,370,370.5,9623.92858,10906.48383,-206.71325,17,16,5,0.32
MRCB23,370.5,371,9624.108019,10906.69793,-207.12775,17,16,5,1.12
MRCB23,371,371.5,9624.287458,10906.91202,-207.54225,17,29,0,1.38
MRCB23,371.5,372,9624.466897,10907.12612,-207.95675,17,29,0,0.26
MRCB23,372,372.5,9624.646336,10907.34022,-208.37125,9,19,0,0.42
MRCB23,372.5,373,9624.825775,10907.55431,-208.78575,9,19,0,0.48
MRCB23,373,373.5,9625.005214,10907.76841,-209.20025,17,19,0,0.2
MRCB23,373.5,374,9625.184653,10907.98251,-209.61475,17,17,17,0.21
MRCB23,374,374.5,9625.364092,10908.1966,-210.02925,17,17,0,0.25
MRCB23,374.5,375,9625.543531,10908.4107,-210.44375,17,17,0,0.58
MRCB23,375,375.5,9625.72297,10908.6248,-210.85825,17,17,0,0.22
MRCB23,375.5,376,9625.902409,10908.8389,-211.27275,17,17,0,0.1
MRCB23,376,376.5,9626.081848,10909.05299,-211.68725,17,17,0,1.41
MRCB23,376.5,377,9626.261287,10909.26709,-212.10175,17,17,0,1.89
MRCB23,377,377.5,9626.440726,10909.48119,-212.51625,9,54,0,2.19
MRCB23,377.5,378,9626.620165,10909.69528,-212.93075,9,54,0,1.1
MRCB23,378,378.5,9626.799604,10909.90938,-213.34525,17,54,5,2.05
MRCB23,378.5,379,9626.979043,10910.12348,-213.75975,17,56,0,1.01
MRCB23,379,379.5,9627.158482,10910.33757,-214.17425,9,56,0,0.79
MRCB23,379.5,380,9627.337921,10910.55167,-214.58875,2,57,4,0.29
MRCB23,380,380.5,9627.51736,10910.76577,-215.00325,2,57,4,0.03
MRCB23,380.5,381,9627.696799,10910.97987,-215.41775,2,57,4,0.03
MRCB23,381,381.5,9627.876238,10911.19396,-215.83225,11,16,0,0.01
MRCB23,381.5,382,9628.055677,10911.40806,-216.24675,11,16,0,0.01
MRCB23,382,382.5,9628.235116,10911.62216,-216.66125,11,16,0,0.01
MRCB23,382.5,383,9628.414555,10911.83625,-217.07575,11,16,0,0.01
MRCB23,383,383.5,9628.593994,10912.05035,-217.49025,22,32,0,0.01
MRCB23,383.5,384,9628.773433,10912.26445,-217.90475,22,32,0,0.01
MRCB23,384,384.5,9628.952872,10912.47854,-218.31925,17,14,0,0.01
MRCB23,384.5,385,9629.132311,10912.69264,-218.73375,17,14,0,0.01
MRCB23,385,385.5,9629.31175,10912.90674,-219.14825,2,14,0,0.06
MRCB23,385.5,386,9629.491189,10913.12084,-219.56275,2,16,0,0.11
MRCB23,386,386.5,9629.670628,10913.33493,-219.97725,2,16,0,0.01
MRCB23,386.5,387,9629.850067,10913.54903,-220.39175,2,16,0,0.16
MRCB23,387,387.5,9630.029506,10913.76313,-220.80625,2,14,0,0.17
MRCB23,387.5,388,9630.208945,10913.97722,-221.22075,2,14,0,0.03
MRCB23,388,388.5,9630.388384,10914.19132,-221.63525,2,14,0,0.13
MRCB23,388.5,389,9630.567823,10914.40542,-222.04975,2,14,0,0.02
MRCB23,389,389.5,9630.747262,10914.61951,-222.46425,2,14,0,0.08
MRCB23,389.5,390,9630.926701,10914.83361,-222.87875,2,14,0,0.01
MRCB23,390,390.5,9631.10614,10915.04771,-223.29325,2,14,0,0.16
MRCB23,390.5,391,9631.285579,10915.26181,-223.70775,2,14,0,0.29
MRCB23,391,391.5,9631.465018,10915.4759,-224.12225,2,14,0,0.24
MRCB23,391.5,392,9631.644457,10915.69,-224.53675,2,14,0,0.46
MRCB23,392,392.5,9631.823896,10915.9041,-224.95125,2,14,0,0.35
MRCB23,392.5,393,9632.003335,10916.11819,-225.36575,2,14,0,0.32
MRCB23,393,393.5,9632.182774,10916.33229,-225.78025,2,14,0,0.72
MRCB23,393.5,394,9632.362213,10916.54639,-226.19475,2,14,0,0.59
MRCB23,394,394.5,9632.541652,10916.76048,-226.60925,2,14,0,2.55
MRCB23,394.5,395,9632.721091,10916.97458,-227.02375,2,14,0,0.87
MRCB23,395,395.5,9632.90053,10917.18868,-227.43825,2,14,0,1.76
MRCB23,395.5,396,9633.079969,10917.40278,-227.85275,2,14,0,0.28
MRCB23,396,396.5,9633.259408,10917.61687,-228.26725,2,14,0,0.25
MRCB23,396.5,397,9633.438847,10917.83097,-228.68175,2,14,0,0.05
MRCB23,397,397.5,9633.618286,10918.04507,-229.09625,2,14,0,0.01
MRCB23,397.5,398,9633.797725,10918.25916,-229.51075,2,14,0,0.01
MRCB23,398,398.5,9633.977164,10918.47326,-229.92525,2,14,0,0.05
MRCB23,398.5,399,9634.156603,10918.68736,-230.33975,2,14,0,0.32
MRCB23,399,399.5,9634.336042,10918.90145,-230.75425,2,40,0,0.01
MRCB23,399.5,400,9634.515481,10919.11555,-231.16875,2,40,0,0.23
MRCB23,400,400.5,9634.69492,10919.32965,-231.58325,2,47,0,0.12
MRCB23,400.5,401,9634.874359,10919.54375,-231.99775,2,47,3,0.15
MRCB23,401,401.5,9635.053798,10919.75784,-232.41225,2,47,3,0.08
MRCB23,401.5,402,9635.233237,10919.97194,-232.82675,10,47,2,0.01
MRCB23,402,402.5,9635.412676,10920.18604,-233.24125,10,14,2,0.32
MRCB23,402.5,403,9635.592115,10920.40013,-233.65575,2,14,3,0.01
MRCB23,403,403.5,9635.771554,10920.61423,-234.07025,2,14,3,0.06
MRCB23,403.5,404,9635.950993,10920.82833,-234.48475,2,14,3,0.43
MRCB23,404,404.5,9636.130432,10921.04242,-234.89925,2,14,3,0.04
MRCB23,404.5,405,9636.309871,10921.25652,-235.31375,2,14,3,0.26
MRCB23,405,405.5,9636.48931,10921.47062,-235.72825,10,14,2,3.3
MRCB23,405.5,406,9636.668749,10921.68472,-236.14275,10,14,2,1.68
MRCB23,406,406.5,9636.848188,10921.89881,-236.55725,10,15,0,0.36
MRCB23,406.5,407,9637.027627,10922.11291,-236.97175,10,14,0,0.52
MRCB23,407,407.5,9637.207066,10922.32701,-237.38625,10,14,0,0.06
MRCB23,407.5,408,9637.386505,10922.5411,-237.80075,10,14,0,0.21
MRCB23,408,408.5,9637.565944,10922.7552,-238.21525,9,48,0,0.09
MRCB23,408.5,409,9637.745383,10922.9693,-238.62975,9,14,0,0.06
MRCB23,409,409.5,9637.924822,10923.18339,-239.04425,9,14,0,0.37
MRCB23,409.5,410,9638.104261,10923.39749,-239.45875,9,14,0,0.08
MRCB23,410,410.5,9638.2837,10923.61159,-239.87325,9,14,0,0.07
MRCB23,410.5,411,9638.463139,10923.82569,-240.28775,9,14,0,0.13
MRCB23,411,411.5,9638.642578,10924.03978,-240.70225,23,14,1,0.69
MRCB23,411.5,412,9638.822017,10924.25388,-241.11675,23,14,1,0.01
MRCB23,412,412.5,9639.001456,10924.46798,-241.53125,23,14,1,0.01
MRCB23,412.5,413,9639.180895,10924.68207,-241.94575,23,14,1,0.01
MRCB23,413,413.5,9639.360334,10924.89617,-242.36025,23,14,1,0.01
MRCB24,247,247.5,10100.45627,10454.08265,-102.62725,9,58,4,0.01
MRCB24,247.5,248,10100.62158,10454.2799,-103.05575,9,58,4,0.01
MRCB24,248,248.5,10100.7869,10454.47714,-103.48425,9,58,4,0.01
MRCB24,248.5,249,10100.95221,10454.67439,-103.91275,9,58,4,0.01
MRCB24,249,249.5,10101.11753,10454.87163,-104.34125,9,58,4,0.01
MRCB24,249.5,250,10101.28284,10455.06888,-104.76975,9,58,4,0.01
MRCB24,250,250.5,10101.44816,10455.26612,-105.19825,17,59,1,0.01
MRCB24,250.5,251,10101.61347,10455.46337,-105.62675,17,59,1,0.01
MRCB24,251,251.5,10101.77879,10455.66061,-106.05525,17,59,1,0.01
MRCB24,251.5,252,10101.9441,10455.85786,-106.48375,17,59,1,0.01
MRCB24,252,252.5,10102.10942,10456.0551,-106.91225,17,59,1,0.01
MRCB24,252.5,253,10102.27473,10456.25235,-107.34075,17,59,1,0.77
MRCB24,253,253.5,10102.44005,10456.44959,-107.76925,24,60,1,0.16
MRCB24,253.5,254,10102.60536,10456.64684,-108.19775,24,60,1,0.25
MRCB24,254,254.5,10102.77068,10456.84408,-108.62625,24,60,1,0.17
MRCB24,254.5,255,10102.93599,10457.04133,-109.05475,24,60,1,0.15
MRCB24,255,255.5,10103.10131,10457.23857,-109.48325,24,60,1,0.05
MRCB24,255.5,256,10103.26662,10457.43582,-109.91175,24,60,1,0.05
MRCB24,256,256.5,10103.43194,10457.63306,-110.34025,1,15,1,0.07
MRCB24,256.5,257,10103.59725,10457.83031,-110.76875,1,15,1,0.07
MRCB24,259,259.5,10104.42383,10458.81653,-112.91125,1,61,18,0.04
MRCB24,259.5,260,10104.58914,10459.01378,-113.33975,1,61,18,0.04
MRCB24,260,260.5,10104.75446,10459.21102,-113.76825,1,61,18,0.1
MRCB24,260.5,261,10104.91977,10459.40827,-114.19675,1,61,18,0.01
MRCB24,261,261.5,10105.08509,10459.60551,-114.62525,1,61,18,0.08
MRCB24,261.5,262,10105.2504,10459.80276,-115.05375,1,61,18,0.01
MRCB24,262,262.5,10105.41572,10460,-115.48225,2,18,19,0.01
MRCB24,262.5,263,10105.58103,10460.19725,-115.91075,2,18,19,0.03
MRCB24,263,263.5,10105.74635,10460.39449,-116.33925,2,18,19,0.03
MRCB24,263.5,264,10105.91166,10460.59174,-116.76775,2,18,19,0.01
MRCB24,264,264.5,10106.07698,10460.78898,-117.19625,2,14,19,0.06
MRCB24,264.5,265,10106.24229,10460.98623,-117.62475,2,14,19,0.01
MRCB24,265,265.5,10106.40761,10461.18347,-118.05325,2,14,14,0.01
MRCB24,265.5,266,10106.57292,10461.38072,-118.48175,2,14,14,0.14
MRCB24,266,266.5,10106.73824,10461.57796,-118.91025,2,14,14,0.01
MRCB24,266.5,267,10106.90355,10461.77521,-119.33875,2,14,14,0.01
MRCB24,273,273.5,10109.05265,10464.33939,-124.90925,25,14,1,0.02
MRCB24,273.5,274,10109.21796,10464.53664,-125.33775,25,14,0,0.02
MRCB24,274,274.5,10109.38328,10464.73388,-125.76625,25,18,0,0.01
MRCB24,274.5,275,10109.54859,10464.93113,-126.19475,25,18,0,0.01
MRCB24,275,275.5,10109.71391,10465.12837,-126.62325,25,18,0,0.48
MRCB24,275.5,276,10109.87922,10465.32562,-127.05175,25,18,0,0.19
MRCB24,276,276.5,10110.04454,10465.52286,-127.48025,25,18,0,0.01
MRCB24,276.5,277,10110.20985,10465.72011,-127.90875,25,18,0,0.12
MRCB24,277,277.5,10110.37517,10465.91735,-128.33725,18,17,1,0.37
MRCB24,277.5,278,10110.54048,10466.1146,-128.76575,18,17,1,0.08
MRCB24,278,278.5,10110.7058,10466.31184,-129.19425,18,17,1,0.22
MRCB24,278.5,279,10110.87111,10466.50909,-129.62275,18,17,1,0.31
MRCB24,279,279.5,10111.03643,10466.70633,-130.05125,18,17,1,0.01
MRCB24,279.5,280,10111.20174,10466.90358,-130.47975,18,17,1,0.01
MRCB24,280,280.5,10111.36706,10467.10082,-130.90825,2,40,1,0.01
MRCB24,280.5,281,10111.53237,10467.29807,-131.33675,2,40,1,0.16
MRCB24,281,281.5,10111.69769,10467.49531,-131.76525,2,40,1,0.22
MRCB24,281.5,282,10111.863,10467.69256,-132.19375,2,40,1,0.07
MRCB24,282,282.5,10112.02832,10467.8898,-132.62225,2,40,1,0.01
MRCB24,282.5,283,10112.19363,10468.08705,-133.05075,2,40,1,0.01
MRCB24,283,283.5,10112.35895,10468.28429,-133.47925,4,18,0,0.01
MRCB24,283.5,284,10112.52426,10468.48154,-133.90775,4,18,0,0.16
MRCB24,284,284.5,10112.68958,10468.67878,-134.33625,4,18,0,0.77
MRCB24,284.5,285,10112.85489,10468.87603,-134.76475,4,18,0,0.06
MRCB24,285,285.5,10113.02021,10469.07327,-135.19325,4,18,0,0.11
MRCB24,285.5,286,10113.18552,10469.27052,-135.62175,4,18,0,0.09
MRCB24,286,286.5,10113.35084,10469.46776,-136.05025,19,13,0,0.09
MRCB24,286.5,287,10113.51615,10469.66501,-136.47875,19,13,0,0.18
MRCB24,287,287.5,10113.68147,10469.86225,-136.90725,19,13,0,0.14
MRCB24,287.5,288,10113.84678,10470.0595,-137.33575,19,13,0,0.28
MRCB24,288,288.5,10114.0121,10470.25674,-137.76425,19,13,0,0.3
MRCB24,288.5,289,10114.17741,10470.45399,-138.19275,19,13,0,0.3
MRCB24,289,289.5,10114.34273,10470.65123,-138.62125,11,18,0,0.3
MRCB24,289.5,290,10114.50804,10470.84848,-139.04975,11,18,0,0.14
MRCB24,290,290.5,10114.67336,10471.04572,-139.47825,11,18,0,0.13
MRCB24,290.5,291,10114.83867,10471.24297,-139.90675,11,18,0,0.15
MRCB24,291,291.5,10115.00399,10471.44021,-140.33525,11,18,0,0.27
MRCB24,291.5,292,10115.1693,10471.63746,-140.76375,11,18,0,0.05
MRCB24,292,292.5,10115.33462,10471.8347,-141.19225,11,18,0,0.12
MRCB24,292.5,293,10115.49993,10472.03195,-141.62075,11,18,0,0.06
MRCB24,293,293.5,10115.66525,10472.22919,-142.04925,11,18,0,0.2
MRCB24,293.5,294,10115.83056,10472.42644,-142.47775,11,18,0,0.07
MRCB24,294,294.5,10115.99588,10472.62368,-142.90625,11,18,0,0.1
MRCB24,294.5,295,10116.16119,10472.82093,-143.33475,11,18,0,0.01
MRCB24,295,295.5,10116.32651,10473.01817,-143.76325,11,14,7,0.01
MRCB24,301,301.5,10118.31029,10475.38511,-148.90525,11,62,0,0.01
MRCB24,301.5,302,10118.4756,10475.58236,-149.33375,11,62,0,0.01
MRCB24,302,302.5,10118.64092,10475.7796,-149.76225,11,62,0,0.19
MRCB24,302.5,303,10118.80623,10475.97685,-150.19075,11,62,0,0.13
MRCB24,303,303.5,10118.97155,10476.17409,-150.61925,11,62,0,0.17
MRCB24,303.5,304,10119.13686,10476.37134,-151.04775,11,62,0,0.08
MRCB24,304,304.5,10119.30218,10476.56858,-151.47625,11,63,0,0.53
MRCB24,304.5,305,10119.46749,10476.76583,-151.90475,11,63,0,0.09
MRCB24,305,305.5,10119.63281,10476.96307,-152.33325,11,63,0,0.39
MRCB24,305.5,306,10119.79812,10477.16032,-152.76175,11,63,0,0.22
MRCB24,306,306.5,10119.96344,10477.35756,-153.19025,11,63,0,0.07
MRCB24,306.5,307,10120.12875,10477.55481,-153.61875,16,63,0,0.14
MRCB24,307,307.5,10120.29407,10477.75205,-154.04725,16,29,1,0.14
MRCB24,307.5,308,10120.45938,10477.9493,-154.47575,16,29,1,0.03
MRCB24,308,308.5,10120.6247,10478.14654,-154.90425,16,29,1,0.31
MRCB24,308.5,309,10120.79001,10478.34379,-155.33275,16,29,1,0.25
MRCB24,309,309.5,10120.95533,10478.54103,-155.76125,16,29,1,0.05
MRCB24,309.5,310,10121.12064,10478.73828,-156.18975,16,29,1,0.05
MRCB24,310,310.5,10121.28596,10478.93552,-156.61825,2,26,1,0.3
MRCB24,310.5,311,10121.45127,10479.13277,-157.04675,2,26,1,0.3
MRCB24,311,311.5,10121.61659,10479.33001,-157.47525,2,26,1,0.14
MRCB24,311.5,312,10121.7819,10479.52726,-157.90375,2,26,1,0.13
MRCB24,312,312.5,10121.94722,10479.7245,-158.33225,2,26,1,0.15
MRCB24,312.5,313,10122.11253,10479.92175,-158.76075,2,26,1,0.05
MRCB24,313,313.5,10122.27785,10480.11899,-159.18925,2,17,1,0.13
MRCB24,313.5,314,10122.44316,10480.31624,-159.61775,2,17,1,0.17
MRCB24,314,314.5,10122.60848,10480.51348,-160.04625,2,17,1,0.06
MRCB24,314.5,315,10122.77379,10480.71073,-160.47475,2,17,1,0.05
MRCB24,315,315.5,10122.93911,10480.90797,-160.90325,2,17,1,0.01
MRCB24,315.5,316,10123.10442,10481.10522,-161.33175,2,17,1,0.25
MRCB24,316,316.5,10123.26974,10481.30246,-161.76025,24,26,1,0.43
MRCB24,316.5,317,10123.43505,10481.49971,-162.18875,24,26,1,0.13
MRCB24,317,317.5,10123.60037,10481.69695,-162.61725,24,26,0,0.31
MRCB24,317.5,318,10123.76568,10481.8942,-163.04575,24,14,0,0.12
MRCB24,318,318.5,10123.931,10482.09144,-163.47425,24,14,0,0.76
MRCB24,318.5,319,10124.09631,10482.28869,-163.90275,24,14,0,0.67
MRCB24,319,319.5,10124.26163,10482.48593,-164.33125,2,64,1,0.1
MRCB24,319.5,320,10124.42694,10482.68318,-164.75975,2,64,1,0.4
MRCB24,320,320.5,10124.59226,10482.88042,-165.18825,2,64,1,0.33
MRCB24,320.5,321,10124.75757,10483.07767,-165.61675,2,64,1,0.07
MRCB24,321,321.5,10124.92289,10483.27491,-166.04525,2,64,1,0.21
MRCB24,321.5,322,10125.0882,10483.47216,-166.47375,2,64,1,0.08
MRCB24,322,322.5,10125.25352,10483.6694,-166.90225,2,65,1,0.11
MRCB24,322.5,323,10125.41883,10483.86665,-167.33075,2,65,1,0.55
MRCB24,323,323.5,10125.58415,10484.06389,-167.75925,2,65,1,0.3
MRCB24,323.5,324,10125.74946,10484.26114,-168.18775,2,66,0,0.54
MRCB24,324,324.5,10125.91478,10484.45838,-168.61625,2,66,0,0.91
MRCB24,324.5,325,10126.08009,10484.65563,-169.04475,2,66,0,0.57
MRCB24,325,325.5,10126.24541,10484.85287,-169.47325,2,45,4,0.95
MRCB24,325.5,326,10126.41072,10485.05012,-169.90175,2,45,4,0.34
MRCB24,326,326.5,10126.57604,10485.24736,-170.33025,2,67,0,0.63
MRCB24,326.5,327,10126.74135,10485.44461,-170.75875,19,67,0,1.6
MRCB24,327,327.5,10126.90667,10485.64185,-171.18725,19,67,0,0.96
MRCB24,327.5,328,10127.07198,10485.8391,-171.61575,19,67,0,3.23
MRCB24,328,328.5,10127.2373,10486.03634,-172.04425,19,67,2,2.21
MRCB24,328.5,329,10127.40261,10486.23359,-172.47275,20,68,0,4.2
MRCB24,329,329.5,10127.56793,10486.43083,-172.90125,1,68,0,1.89
MRCB24,329.5,330,10127.73324,10486.62808,-173.32975,1,68,0,1.81
MRCB24,330,330.5,10127.89856,10486.82532,-173.75825,1,68,0,2
MRCB24,330.5,331,10128.06387,10487.02257,-174.18675,1,68,0,0.61
MRCB24,331,331.5,10128.22919,10487.21981,-174.61525,1,68,0,0.66
MRCB24,331.5,332,10128.3945,10487.41706,-175.04375,1,68,0,1.88
MRCB24,332,332.5,10128.55982,10487.6143,-175.47225,11,68,0,1.34
MRCB24,332.5,333,10128.72513,10487.81155,-175.90075,11,68,0,0.86
MRCB24,333,333.5,10128.89045,10488.00879,-176.32925,11,68,0,0.74
MRCB24,333.5,334,10129.05576,10488.20604,-176.75775,11,68,0,0.5
MRCB24,334,334.5,10129.22108,10488.40328,-177.18625,11,68,0,1.02
MRCB24,334.5,335,10129.38639,10488.60053,-177.61475,11,68,0,0.8
MRCB24,335,335.5,10129.55171,10488.79777,-178.04325,11,69,16,0.54
MRCB24,335.5,336,10129.71702,10488.99502,-178.47175,11,69,16,0.51
MRCB24,336,336.5,10129.88234,10489.19226,-178.90025,11,69,16,0.26
MRCB24,336.5,337,10130.04765,10489.38951,-179.32875,11,69,16,0.4
MRCB24,337,337.5,10130.21297,10489.58675,-179.75725,16,14,0,0.55
MRCB24,337.5,338,10130.37828,10489.784,-180.18575,16,14,0,0.33
MRCB24,338,338.5,10130.5436,10489.98124,-180.61425,11,70,0,0.72
MRCB24,338.5,339,10130.70891,10490.17849,-181.04275,11,70,0,0.88
MRCB24,339,339.5,10130.87423,10490.37573,-181.47125,11,70,0,1.48
MRCB24,339.5,340,10131.03954,10490.57298,-181.89975,11,70,0,0.74
MRCB24,340,340.5,10131.20486,10490.77022,-182.32825,19,70,0,1
MRCB24,340.5,341,10131.37017,10490.96747,-182.75675,19,14,0,0.85
MRCB24,341,341.5,10131.53549,10491.16471,-183.18525,19,14,0,0.85
MRCB24,341.5,342,10131.7008,10491.36196,-183.61375,19,14,0,1.22
MRCB24,342,342.5,10131.86612,10491.5592,-184.04225,19,14,0,0.55
MRCB24,342.5,343,10132.03143,10491.75645,-184.47075,19,14,0,0.54
MRCB24,343,343.5,10132.19675,10491.95369,-184.89925,11,47,0,0.03
MRCB24,343.5,344,10132.36206,10492.15094,-185.32775,11,47,0,0.03
MRCB24,344,344.5,10132.52738,10492.34818,-185.75625,11,47,0,0.02
MRCB24,344.5,345,10132.69269,10492.54543,-186.18475,11,47,0,0.02
MRCB24,345,345.5,10132.85801,10492.74267,-186.61325,11,47,0,1.52
MRCB24,345.5,346,10133.02332,10492.93992,-187.04175,11,47,0,0.1
MRCB24,346,346.5,10133.18864,10493.13716,-187.47025,11,71,0,0.5
MRCB24,346.5,347,10133.35395,10493.33441,-187.89875,11,71,0,2.42
MRCB24,347,347.5,10133.51927,10493.53165,-188.32725,10,71,0,1.56
MRCB24,347.5,348,10133.68458,10493.7289,-188.75575,10,71,0,1.41
MRCB24,348,348.5,10133.8499,10493.92614,-189.18425,10,71,0,1.83
MRCB24,348.5,349,10134.01521,10494.12339,-189.61275,10,71,0,0.32
MRCB24,349,349.5,10134.18053,10494.32063,-190.04125,10,32,0,0.15
MRCB24,349.5,350,10134.34584,10494.51788,-190.46975,10,32,0,0.02
MRCB24,350,350.5,10134.51116,10494.71512,-190.89825,10,32,0,0.23
MRCB24,350.5,351,10134.67647,10494.91237,-191.32675,10,32,0,0.44
MRCB24,351,351.5,10134.84179,10495.10961,-191.75525,10,32,0,0.11
MRCB24,351.5,352,10135.0071,10495.30686,-192.18375,10,32,0,0.02
MRCB24,352,352.5,10135.17242,10495.5041,-192.61225,10,32,0,0.02
MRCB24,352.5,353,10135.33773,10495.70135,-193.04075,11,26,1,0.07
MRCB24,353,353.5,10135.50305,10495.89859,-193.46925,11,26,1,0.05
MRCB24,353.5,354,10135.66836,10496.09584,-193.89775,11,26,1,0.01
MRCB24,354,354.5,10135.83368,10496.29308,-194.32625,11,26,1,0.01
MRCB24,354.5,355,10135.99899,10496.49033,-194.75475,11,26,1,0.12
MRCB24,355,355.5,10136.16431,10496.68757,-195.18325,10,26,16,0.03
MRCB24,355.5,356,10136.32962,10496.88482,-195.61175,10,26,16,0.21
MRCB24,356,356.5,10136.49494,10497.08206,-196.04025,18,15,16,0.03
MRCB24,356.5,357,10136.66025,10497.27931,-196.46875,18,15,16,0.09
MRCB24,357,357.5,10136.82557,10497.47655,-196.89725,18,15,16,0.05
MRCB24,357.5,358,10136.99088,10497.6738,-197.32575,18,15,16,0.11
MRCB24,358,358.5,10137.1562,10497.87104,-197.75425,9,15,1,0.06
MRCB24,358.5,359,10137.32151,10498.06829,-198.18275,9,15,1,0.06
MRCB24,362.5,363,10138.64403,10499.64625,-201.61075,9,15,1,0.06
MRCB24,363,363.5,10138.80935,10499.84349,-202.03925,9,15,1,0.06
MRCB24,363.5,364,10138.97466,10500.04074,-202.46775,9,15,1,0.3
MRCB24,364,364.5,10139.13998,10500.23798,-202.89625,2,32,13,1.97
MRCB24,364.5,365,10139.30529,10500.43523,-203.32475,2,32,13,0.81
MRCB24,365,365.5,10139.47061,10500.63247,-203.75325,2,32,13,0.64
MRCB24,365.5,366,10139.63592,10500.82972,-204.18175,2,32,13,0.36
MRCB24,366,366.5,10139.80124,10501.02696,-204.61025,2,32,13,0.12
MRCB24,366.5,367,10139.96655,10501.22421,-205.03875,2,32,13,0.27
MRCB24,367,367.5,10140.13187,10501.42145,-205.46725,9,32,1,0.38
MRCB24,367.5,368,10140.29718,10501.6187,-205.89575,9,32,1,0.28
MRCB24,368,368.5,10140.4625,10501.81594,-206.32425,9,32,1,0.11
MRCB24,368.5,369,10140.62781,10502.01319,-206.75275,9,32,1,0.07
MRCB24,369,369.5,10140.79313,10502.21043,-207.18125,9,32,1,0.33
MRCB24,369.5,370,10140.95844,10502.40768,-207.60975,9,32,1,0.46
MRCB24,370,370.5,10141.12376,10502.60492,-208.03825,12,14,1,1.17
MRCB24,370.5,371,10141.28907,10502.80217,-208.46675,12,14,1,0.14
MRCB24,371,371.5,10141.45439,10502.99941,-208.89525,12,14,1,0.1
MRCB24,371.5,372,10141.6197,10503.19666,-209.32375,12,14,1,0.14
MRCB24,372,372.5,10141.78502,10503.3939,-209.75225,12,14,1,0.11
MRCB24,372.5,373,10141.95033,10503.59115,-210.18075,12,14,1,0.03
MRCB24,373,373.5,10142.11565,10503.78839,-210.60925,12,14,1,0.05
MRCB24,373.5,374,10142.28096,10503.98564,-211.03775,12,14,1,0.05
MRCB24,374,374.5,10142.44628,10504.18288,-211.46625,12,14,1,0.77
MRCB24,374.5,375,10142.61159,10504.38013,-211.89475,12,14,1,0.03
MRCB24,375,375.5,10142.77691,10504.57737,-212.32325,12,14,1,0.17
MRCB24,375.5,376,10142.94222,10504.77462,-212.75175,12,14,1,0.11
MRCB24,376,376.5,10143.10754,10504.97186,-213.18025,2,15,0,0.05
MRCB24,376.5,377,10143.27285,10505.16911,-213.60875,2,15,0,0.13
MRCB24,377,377.5,10143.43817,10505.36635,-214.03725,2,15,0,0.19
MRCB24,377.5,378,10143.60348,10505.5636,-214.46575,2,15,0,0.12
MRCB24,378,378.5,10143.7688,10505.76084,-214.89425,2,15,0,0.12
MRCB24,378.5,379,10143.93411,10505.95809,-215.32275,2,15,0,0.04
MRCB24,379,379.5,10144.09943,10506.15533,-215.75125,2,15,0,0.04
MRCB24,379.5,380,10144.26474,10506.35258,-216.17975,2,15,0,0.35
MRCB24,380,380.5,10144.43006,10506.54982,-216.60825,2,32,20,0.06
MRCB24,380.5,381,10144.59537,10506.74707,-217.03675,16,32,20,0.04
MRCB24,381,381.5,10144.76069,10506.94431,-217.46525,16,32,20,0.25
MRCB24,381.5,382,10144.926,10507.14156,-217.89375,16,32,20,0.71
MRCB24,382,382.5,10145.09132,10507.3388,-218.32225,2,14,1,0.19
MRCB24,382.5,383,10145.25663,10507.53605,-218.75075,2,14,1,0.26
MRCB24,383,383.5,10145.42195,10507.73329,-219.17925,2,14,1,0.34
MRCB24,383.5,384,10145.58726,10507.93054,-219.60775,2,14,1,0.29
MRCB24,384,384.5,10145.75258,10508.12778,-220.03625,2,14,1,0.65
MRCB24,384.5,385,10145.91789,10508.32503,-220.46475,2,14,1,0.41
MRCB24,385,385.5,10146.08321,10508.52227,-220.89325,2,71,1,0.38
MRCB24,385.5,386,10146.24852,10508.71952,-221.32175,2,71,1,2.29
MRCB24,386,386.5,10146.41384,10508.91676,-221.75025,2,71,1,0.86
MRCB24,386.5,387,10146.57915,10509.11401,-222.17875,2,71,1,0.17
MRCB24,387,387.5,10146.74447,10509.31125,-222.60725,2,71,1,0.24
MRCB24,387.5,388,10146.90978,10509.5085,-223.03575,2,71,1,0.32
MRCB24,388,388.5,10147.0751,10509.70574,-223.46425,10,15,7,0.28
MRCB24,388.5,389,10147.24041,10509.90299,-223.89275,10,15,7,0.1
MRCB24,389,389.5,10147.40573,10510.10023,-224.32125,10,15,7,0.48
MRCB24,389.5,390,10147.57104,10510.29748,-224.74975,10,15,7,0.29
MRCB24,390,390.5,10147.73636,10510.49472,-225.17825,10,15,7,0.12
MRCB24,390.5,391,10147.90167,10510.69197,-225.60675,10,15,7,0.28
MRCB24,391,391.5,10148.06699,10510.88921,-226.03525,10,14,1,0.63
MRCB24,391.5,392,10148.2323,10511.08646,-226.46375,16,43,1,0.36
MRCB24,392,392.5,10148.39762,10511.2837,-226.89225,16,43,1,0.04
MRCB24,392.5,393,10148.56293,10511.48095,-227.32075,16,43,1,0.43
MRCB24,393,393.5,10148.72825,10511.67819,-227.74925,16,43,1,0.74
MRCB24,393.5,394,10148.89356,10511.87544,-228.17775,16,43,1,0.4
MRCB24,394,394.5,10149.05888,10512.07268,-228.60625,16,16,0,0.76
MRCB24,394.5,395,10149.22419,10512.26993,-229.03475,16,41,1,0.2
MRCB24,395,395.5,10149.38951,10512.46717,-229.46325,16,41,1,0.62
MRCB24,395.5,396,10149.55482,10512.66442,-229.89175,16,41,1,0.61
MRCB24,396,396.5,10149.72014,10512.86166,-230.32025,16,41,1,0.46
MRCB24,396.5,397,10149.88545,10513.05891,-230.74875,16,41,1,0.6
MRCB24,397,397.5,10150.05077,10513.25615,-231.17725,10,13,0,0.78
MRCB24,397.5,398,10150.21608,10513.4534,-231.60575,10,13,0,0.71
MRCB24,398,398.5,10150.3814,10513.65064,-232.03425,10,13,0,0.73
MRCB24,398.5,399,10150.54671,10513.84789,-232.46275,10,13,0,0.86
MRCB24,399,399.5,10150.71203,10514.04513,-232.89125,16,15,0,0.19
MRCB24,399.5,400,10150.87734,10514.24238,-233.31975,16,15,0,0.03
MRCB24,400,400.5,10151.04266,10514.43962,-233.74825,11,43,16,0.01
MRCB24,400.5,401,10151.20797,10514.63687,-234.17675,11,43,16,0.28
MRCB24,401,401.5,10151.37329,10514.83411,-234.60525,11,43,16,0.1
MRCB24,401.5,402,10151.5386,10515.03136,-235.03375,11,43,16,0.04
MRCB24,402,402.5,10151.70392,10515.2286,-235.46225,11,43,16,0.01
MRCB24,402.5,403,10151.86923,10515.42585,-235.89075,11,43,16,0.01
MRCB24,408.5,409,10153.85301,10517.79279,-241.03275,2,14,1,0.01
MRCB24,409,409.5,10154.01833,10517.99003,-241.46125,2,72,1,0.01
MRCB24,409.5,410,10154.18364,10518.18728,-241.88975,2,72,1,0.01
MRCB24,410,410.5,10154.34896,10518.38452,-242.31825,2,72,1,0.06
MRCB24,410.5,411,10154.51427,10518.58177,-242.74675,2,72,1,0.01
MRCB24,411,411.5,10154.67959,10518.77901,-243.17525,2,72,1,0.01
MRCB24,411.5,412,10154.8449,10518.97626,-243.60375,2,72,1,0.11
MRCB24,412,412.5,10155.01022,10519.1735,-244.03225,2,34,1,0.01
MRCB24,412.5,413,10155.17553,10519.37075,-244.46075,2,34,1,0.01
MRCB24,413,413.5,10155.34085,10519.56799,-244.88925,2,34,1,0.04
MRCB24,413.5,414,10155.50616,10519.76524,-245.31775,2,34,1,0.14
MRCB24,414,414.5,10155.67148,10519.96248,-245.74625,2,34,1,0.02
MRCB24,414.5,415,10155.83679,10520.15973,-246.17475,2,34,1,0.02
MRCB24,415,415.5,10156.00211,10520.35697,-246.60325,16,18,1,0.75
MRCB24,415.5,416,10156.16742,10520.55422,-247.03175,16,18,1,0.12
MRCB24,416,416.5,10156.33274,10520.75146,-247.46025,16,18,1,0.05
MRCB24,416.5,417,10156.49805,10520.94871,-247.88875,16,18,1,0.07
MRCB24,417,417.5,10156.66337,10521.14595,-248.31725,16,18,1,0.02
MRCB24,417.5,418,10156.82868,10521.3432,-248.74575,16,18,1,1.16
MRCB24,418,418.5,10156.994,10521.54044,-249.17425,16,14,1,0.01
MRCB24,418.5,419,10157.15931,10521.73769,-249.60275,16,14,1,0.01
MRCB24,419,419.5,10157.32463,10521.93493,-250.03125,16,14,1,0.09
MRCB24,419.5,420,10157.48994,10522.13218,-250.45975,16,14,1,0.09
MRCB24,420,420.5,10157.65526,10522.32942,-250.88825,16,14,1,0.01
MRCB24,420.5,421,10157.82057,10522.52667,-251.31675,16,14,1,0.01
MRCB24,421,421.5,10157.98589,10522.72391,-251.74525,16,15,1,0.07
MRCB24,421.5,422,10158.1512,10522.92116,-252.17375,16,15,1,0.01
MRCB24,422,422.5,10158.31652,10523.1184,-252.60225,16,15,1,0.06
MRCB24,422.5,423,10158.48183,10523.31565,-253.03075,16,15,1,0.04
MRCB24,423,423.5,10158.64715,10523.51289,-253.45925,9,32,0,0.08
MRCB24,423.5,424,10158.81246,10523.71014,-253.88775,9,32,0,0.24
MRCB24,424,424.5,10158.97778,10523.90738,-254.31625,10,14,0,0.01
MRCB24,424.5,425,10159.14309,10524.10463,-254.74475,2,20,0,0.05
MRCB24,425,425.5,10159.30841,10524.30187,-255.17325,2,20,0,0.03
MRCB24,425.5,426,10159.47372,10524.49912,-255.60175,2,20,0,0.02
MRCB24,426,426.5,10159.63904,10524.69636,-256.03025,2,20,0,0.08
MRCB24,426.5,427,10159.80435,10524.89361,-256.45875,10,14,0,0.15
MRCB24,427,427.5,10159.96967,10525.09085,-256.88725,10,32,2,0.3
MRCB24,427.5,428,10160.13498,10525.2881,-257.31575,10,32,2,0.04
MRCB24,428,428.5,10160.3003,10525.48534,-257.74425,10,32,2,0.04
MRCB24,428.5,429,10160.46561,10525.68259,-258.17275,10,32,2,0.05
MRCB24,429,429.5,10160.63093,10525.87983,-258.60125,10,32,2,0.05
MRCB25,216.5,217,9446.18254,10876.37042,-94.7955,12,14,4,0.01
MRCB25,217,217.5,9446.32378,10876.53894,-95.2445,12,14,5,0.01
MRCB25,217.5,218,9446.46502,10876.70746,-95.6935,2,48,4,0.01
MRCB25,218,218.5,9446.60626,10876.87598,-96.1425,2,48,4,0.01
MRCB25,218.5,219,9446.7475,10877.0445,-96.5915,2,48,4,0.04
MRCB25,219,219.5,9446.88874,10877.21302,-97.0405,2,48,4,0.19
MRCB25,219.5,220,9447.02998,10877.38154,-97.4895,2,48,4,0.16
MRCB25,220,220.5,9447.17122,10877.55006,-97.9385,12,32,3,0.01
MRCB25,220.5,221,9447.31246,10877.71858,-98.3875,12,32,3,0.01
MRCB25,224.5,225,9448.44238,10879.06674,-101.9795,12,45,14,0.04
MRCB25,225,225.5,9448.58362,10879.23526,-102.4285,12,45,14,0.04
MRCB25,225.5,226,9448.72486,10879.40378,-102.8775,12,45,14,0.01
MRCB25,226,226.5,9448.8661,10879.5723,-103.3265,18,29,4,0.03
MRCB25,226.5,227,9449.00734,10879.74082,-103.7755,18,29,4,0.16
MRCB25,227,227.5,9449.14858,10879.90934,-104.2245,18,29,4,0.02
MRCB25,227.5,228,9449.28982,10880.07786,-104.6735,18,29,4,0.01
MRCB25,228,228.5,9449.43106,10880.24638,-105.1225,18,29,4,0.01
MRCB25,239.5,240,9452.67958,10884.12234,-115.4495,16,15,1,0.01
MRCB25,240,240.5,9452.82082,10884.29086,-115.8985,16,15,1,0.01
MRCB25,240.5,241,9452.96206,10884.45938,-116.3475,16,15,1,0.07
MRCB25,241,241.5,9453.1033,10884.6279,-116.7965,1,15,0,0.01
MRCB25,241.5,242,9453.24454,10884.79642,-117.2455,1,15,0,0.01
MRCB25,242,242.5,9453.38578,10884.96494,-117.6945,1,15,0,0.03
MRCB25,242.5,243,9453.52702,10885.13346,-118.1435,1,15,0,0.07
MRCB25,243,243.5,9453.66826,10885.30198,-118.5925,1,15,0,0.01
MRCB25,243.5,244,9453.8095,10885.4705,-119.0415,1,15,0,0.25
MRCB25,244,244.5,9453.95074,10885.63902,-119.4905,2,14,1,0.04
MRCB25,244.5,245,9454.09198,10885.80754,-119.9395,2,40,1,0.09
MRCB25,245,245.5,9454.23322,10885.97606,-120.3885,2,40,1,0.1
MRCB25,245.5,246,9454.37446,10886.14458,-120.8375,2,40,1,0.01
MRCB25,246,246.5,9454.5157,10886.3131,-121.2865,2,40,1,0.05
MRCB25,246.5,247,9454.65694,10886.48162,-121.7355,2,40,1,0.08
MRCB25,247,247.5,9454.79818,10886.65014,-122.1845,11,15,1,0.03
MRCB25,247.5,248,9454.93942,10886.81866,-122.6335,11,15,1,0.09
MRCB25,248,248.5,9455.08066,10886.98718,-123.0825,11,15,1,0.09
MRCB25,248.5,249,9455.2219,10887.1557,-123.5315,11,15,1,0.01
MRCB25,249,249.5,9455.36314,10887.32422,-123.9805,11,15,1,0.01
MRCB25,249.5,250,9455.50438,10887.49274,-124.4295,11,15,1,0.32
MRCB25,250,250.5,9455.64562,10887.66126,-124.8785,16,15,1,0.01
MRCB25,250.5,251,9455.78686,10887.82978,-125.3275,16,15,1,0.01
MRCB25,251,251.5,9455.9281,10887.9983,-125.7765,16,15,1,0.05
MRCB25,251.5,252,9456.06934,10888.16682,-126.2255,16,15,1,0.05
MRCB25,252,252.5,9456.21058,10888.33534,-126.6745,16,15,1,0.01
MRCB25,252.5,253,9456.35182,10888.50386,-127.1235,16,15,1,0.03
MRCB25,253,253.5,9456.49306,10888.67238,-127.5725,9,20,1,0.05
MRCB25,253.5,254,9456.6343,10888.8409,-128.0215,9,20,1,0.07
MRCB25,254,254.5,9456.77554,10889.00942,-128.4705,9,20,1,0.05
MRCB25,254.5,255,9456.91678,10889.17794,-128.9195,9,20,1,0.01
MRCB25,255,255.5,9457.05802,10889.34646,-129.3685,9,20,1,0.04
MRCB25,255.5,256,9457.19926,10889.51498,-129.8175,9,20,1,0.01
MRCB25,256,256.5,9457.3405,10889.6835,-130.2665,12,15,1,0.06
MRCB25,256.5,257,9457.48174,10889.85202,-130.7155,12,15,1,0.06
MRCB25,257,257.5,9457.62298,10890.02054,-131.1645,12,15,1,0.02
MRCB25,257.5,258,9457.76422,10890.18906,-131.6135,12,15,1,0.02
MRCB25,258,258.5,9457.90546,10890.35758,-132.0625,12,15,1,0.01
MRCB25,258.5,259,9458.0467,10890.5261,-132.5115,12,15,1,0.01
MRCB25,259,259.5,9458.18794,10890.69462,-132.9605,12,15,1,0.13
MRCB25,259.5,260,9458.32918,10890.86314,-133.4095,12,15,1,0.14
MRCB25,260,260.5,9458.47042,10891.03166,-133.8585,12,15,1,0.14
MRCB25,260.5,261,9458.61166,10891.20018,-134.3075,12,15,1,0.13
MRCB25,261,261.5,9458.7529,10891.3687,-134.7565,12,15,1,0.05
MRCB25,261.5,262,9458.89414,10891.53722,-135.2055,12,15,1,0.01
MRCB25,264,264.5,9459.60034,10892.37982,-137.4505,9,15,1,0.14
MRCB25,264.5,265,9459.74158,10892.54834,-137.8995,11,15,1,0.14
MRCB25,265,265.5,9459.88282,10892.71686,-138.3485,9,15,1,0.17
MRCB25,265.5,266,9460.02406,10892.88538,-138.7975,9,15,1,0.26
MRCB25,266,266.5,9460.1653,10893.0539,-139.2465,9,15,1,0.07
MRCB25,266.5,267,9460.30654,10893.22242,-139.6955,9,15,1,0.08
MRCB25,267,267.5,9460.44778,10893.39094,-140.1445,9,15,1,0.02
MRCB25,267.5,268,9460.58902,10893.55946,-140.5935,9,15,1,0.07
MRCB25,268,268.5,9460.73026,10893.72798,-141.0425,9,18,1,0.06
MRCB25,268.5,269,9460.8715,10893.8965,-141.4915,9,18,1,0.02
MRCB25,269,269.5,9461.01274,10894.06502,-141.9405,9,18,1,0.02
MRCB25,269.5,270,9461.15398,10894.23354,-142.3895,9,18,1,0.08
MRCB25,270,270.5,9461.29522,10894.40206,-142.8385,9,18,1,0.08
MRCB25,270.5,271,9461.43646,10894.57058,-143.2875,9,18,1,0.06
MRCB25,271,271.5,9461.5777,10894.7391,-143.7365,1,15,1,0.04
MRCB25,271.5,272,9461.71894,10894.90762,-144.1855,1,15,1,0.04
MRCB25,289,289.5,9466.66234,10900.80582,-159.9005,9,40,0,0.26
MRCB25,289.5,290,9466.80358,10900.97434,-160.3495,9,40,0,0.03
MRCB25,290,290.5,9466.94482,10901.14286,-160.7985,9,40,0,0.01
MRCB25,298,298.5,9469.20466,10903.83918,-167.9825,1,20,21,0.04
MRCB25,298.5,299,9469.3459,10904.0077,-168.4315,12,20,1,0.04
MRCB25,299,299.5,9469.48714,10904.17622,-168.8805,12,20,1,0.14
MRCB25,299.5,300,9469.62838,10904.34474,-169.3295,12,20,1,0.25
MRCB25,300,300.5,9469.76962,10904.51326,-169.7785,12,20,1,0.18
MRCB25,300.5,301,9469.91086,10904.68178,-170.2275,12,20,1,0.08
MRCB25,301,301.5,9470.0521,10904.8503,-170.6765,12,73,1,0.12
MRCB25,301.5,302,9470.19334,10905.01882,-171.1255,12,73,1,0.3
MRCB25,302,302.5,9470.33458,10905.18734,-171.5745,12,73,0,0.3
MRCB25,302.5,303,9470.47582,10905.35586,-172.0235,19,16,0,0.37
MRCB25,303,303.5,9470.61706,10905.52438,-172.4725,19,16,0,0.32
MRCB25,303.5,304,9470.7583,10905.6929,-172.9215,19,16,0,0.27
MRCB25,304,304.5,9470.89954,10905.86142,-173.3705,26,16,2,0.38
MRCB25,304.5,305,9471.04078,10906.02994,-173.8195,26,20,2,0.19
MRCB25,305,305.5,9471.18202,10906.19846,-174.2685,11,16,0,0.19
MRCB25,305.5,306,9471.32326,10906.36698,-174.7175,11,16,0,0.65
MRCB25,306,306.5,9471.4645,10906.5355,-175.1665,11,16,0,0.28
MRCB25,306.5,307,9471.60574,10906.70402,-175.6155,11,16,0,0.48
MRCB25,307,307.5,9471.74698,10906.87254,-176.0645,19,16,0,0.71
MRCB25,307.5,308,9471.88822,10907.04106,-176.5135,19,16,0,0.71
MRCB25,308,308.5,9472.02946,10907.20958,-176.9625,19,16,0,0.79
MRCB25,308.5,309,9472.1707,10907.3781,-177.4115,19,16,0,0.29
MRCB25,309,309.5,9472.31194,10907.54662,-177.8605,19,16,0,0.11
MRCB25,309.5,310,9472.45318,10907.71514,-178.3095,19,16,0,0.25
MRCB25,310,310.5,9472.59442,10907.88366,-178.7585,2,74,0,0.21
MRCB25,310.5,311,9472.73566,10908.05218,-179.2075,2,74,0,0.12
MRCB25,311,311.5,9472.8769,10908.2207,-179.6565,2,74,0,0.17
MRCB25,311.5,312,9473.01814,10908.38922,-180.1055,2,74,0,0.11
MRCB25,312,312.5,9473.15938,10908.55774,-180.5545,2,74,0,0.12
MRCB25,312.5,313,9473.30062,10908.72626,-181.0035,2,74,0,0.62
MRCB25,313,313.5,9473.44186,10908.89478,-181.4525,12,18,0,0.07
MRCB25,313.5,314,9473.5831,10909.0633,-181.9015,12,18,0,0.35
MRCB25,314,314.5,9473.72434,10909.23182,-182.3505,12,18,0,0.22
MRCB25,314.5,315,9473.86558,10909.40034,-182.7995,12,18,0,0.54
MRCB25,315,315.5,9474.00682,10909.56886,-183.2485,12,18,0,0.57
MRCB25,315.5,316,9474.14806,10909.73738,-183.6975,12,18,0,0.49
MRCB25,316,316.5,9474.2893,10909.9059,-184.1465,26,22,0,0.1
MRCB25,316.5,317,9474.43054,10910.07442,-184.5955,26,22,0,0.04
MRCB25,317,317.5,9474.57178,10910.24294,-185.0445,26,22,0,0.08
MRCB25,317.5,318,9474.71302,10910.41146,-185.4935,26,22,0,0.13
MRCB25,318,318.5,9474.85426,10910.57998,-185.9425,26,22,0,0.08
MRCB25,318.5,319,9474.9955,10910.7485,-186.3915,26,22,0,0.03
MRCB25,319,319.5,9475.13674,10910.91702,-186.8405,9,15,21,0.05
MRCB25,319.5,320,9475.27798,10911.08554,-187.2895,26,16,21,0.59
MRCB25,320,320.5,9475.41922,10911.25406,-187.7385,9,15,0,0.01
MRCB25,320.5,321,9475.56046,10911.42258,-188.1875,9,15,0,0.01
MRCB25,321,321.5,9475.7017,10911.5911,-188.6365,11,15,4,0.1
MRCB25,321.5,322,9475.84294,10911.75962,-189.0855,11,15,4,0.01
MRCB25,322,322.5,9475.98418,10911.92814,-189.5345,11,20,4,0.01
MRCB25,328,328.5,9477.67906,10913.95038,-194.9225,11,14,16,0.01
MRCB25,328.5,329,9477.8203,10914.1189,-195.3715,11,14,16,0.01
MRCB25,329,329.5,9477.96154,10914.28742,-195.8205,11,40,1,0.02
MRCB25,329.5,330,9478.10278,10914.45594,-196.2695,11,40,1,0.24
MRCB25,330,330.5,9478.24402,10914.62446,-196.7185,11,40,1,0.09
MRCB25,330.5,331,9478.38526,10914.79298,-197.1675,11,40,1,0.07
MRCB25,331,331.5,9478.5265,10914.9615,-197.6165,12,14,0,0.05
MRCB25,331.5,332,9478.66774,10915.13002,-198.0655,12,16,0,0.22
MRCB25,332,332.5,9478.80898,10915.29854,-198.5145,26,16,0,0.84
MRCB25,332.5,333,9478.95022,10915.46706,-198.9635,26,16,0,1.57
MRCB25,333,333.5,9479.09146,10915.63558,-199.4125,9,20,14,0.6
MRCB25,333.5,334,9479.2327,10915.8041,-199.8615,12,20,0,0.68
MRCB25,334,334.5,9479.37394,10915.97262,-200.3105,11,16,0,0.43
MRCB25,334.5,335,9479.51518,10916.14114,-200.7595,11,16,0,0.87
MRCB25,335,335.5,9479.65642,10916.30966,-201.2085,2,18,1,0.31
MRCB25,335.5,336,9479.79766,10916.47818,-201.6575,2,18,1,0.22
MRCB25,336,336.5,9479.9389,10916.6467,-202.1065,2,18,1,0.7
MRCB25,336.5,337,9480.08014,10916.81522,-202.5555,2,18,1,0.86
MRCB25,337,337.5,9480.22138,10916.98374,-203.0045,19,75,1,1.81
MRCB25,337.5,338,9480.36262,10917.15226,-203.4535,19,75,1,2.33
MRCB25,338,338.5,9480.50386,10917.32078,-203.9025,19,75,1,3.13
MRCB25,338.5,339,9480.6451,10917.4893,-204.3515,19,75,1,2.47
MRCB25,339,339.5,9480.78634,10917.65782,-204.8005,19,75,1,1.34
MRCB25,339.5,340,9480.92758,10917.82634,-205.2495,19,75,1,1.29
MRCB25,340,340.5,9481.06882,10917.99486,-205.6985,12,13,1,0.58
MRCB25,340.5,341,9481.21006,10918.16338,-206.1475,12,13,1,0.51
MRCB25,341,341.5,9481.3513,10918.3319,-206.5965,12,13,1,0.26
MRCB25,341.5,342,9481.49254,10918.50042,-207.0455,12,13,1,0.51
MRCB25,342,342.5,9481.63378,10918.66894,-207.4945,12,13,1,1.04
MRCB25,342.5,343,9481.77502,10918.83746,-207.9435,12,13,1,0.31
MRCB25,343,343.5,9481.91626,10919.00598,-208.3925,12,16,16,0.25
MRCB25,343.5,344,9482.0575,10919.1745,-208.8415,12,16,16,0.34
MRCB25,344,344.5,9482.19874,10919.34302,-209.2905,12,16,16,0.33
MRCB25,344.5,345,9482.33998,10919.51154,-209.7395,12,14,16,0.26
MRCB25,345,345.5,9482.48122,10919.68006,-210.1885,12,14,16,0.62
MRCB25,345.5,346,9482.62246,10919.84858,-210.6375,14,14,0,0.3
MRCB25,346,346.5,9482.7637,10920.0171,-211.0865,14,14,0,0.03
MRCB25,348.5,349,9483.4699,10920.8597,-213.3315,11,14,14,0.01
MRCB25,349,349.5,9483.61114,10921.02822,-213.7805,9,14,0,0.01
MRCB25,349.5,350,9483.75238,10921.19674,-214.2295,9,76,0,0.18
MRCB25,350,350.5,9483.89362,10921.36526,-214.6785,9,76,0,0.24
MRCB25,350.5,351,9484.03486,10921.53378,-215.1275,9,76,0,0.18
MRCB25,351,351.5,9484.1761,10921.7023,-215.5765,9,76,0,0.86
MRCB25,351.5,352,9484.31734,10921.87082,-216.0255,9,76,0,0.97
MRCB25,352,352.5,9484.45858,10922.03934,-216.4745,12,75,14,0.45
MRCB25,352.5,353,9484.59982,10922.20786,-216.9235,12,75,14,4.2
MRCB25,353,353.5,9484.74106,10922.37638,-217.3725,12,75,14,1.87
MRCB25,353.5,354,9484.8823,10922.5449,-217.8215,12,75,14,1.11
MRCB25,354,354.5,9485.02354,10922.71342,-218.2705,12,75,14,0.81
MRCB25,354.5,355,9485.16478,10922.88194,-218.7195,12,75,14,0.44
MRCB25,355,355.5,9485.30602,10923.05046,-219.1685,12,47,1,0.32
MRCB25,355.5,356,9485.44726,10923.21898,-219.6175,12,47,1,0.69
MRCB25,356,356.5,9485.5885,10923.3875,-220.0665,12,47,1,0.27
MRCB25,356.5,357,9485.72974,10923.55602,-220.5155,12,47,1,0.49
MRCB25,357,357.5,9485.87098,10923.72454,-220.9645,12,47,1,0.33
MRCB25,357.5,358,9486.01222,10923.89306,-221.4135,12,47,1,1.24
MRCB25,358,358.5,9486.15346,10924.06158,-221.8625,9,14,14,2.71
MRCB25,358.5,359,9486.2947,10924.2301,-222.3115,9,14,14,1.81
MRCB25,359,359.5,9486.43594,10924.39862,-222.7605,12,14,0,0.09
MRCB25,359.5,360,9486.57718,10924.56714,-223.2095,12,14,0,0.04
MRCB25,360,360.5,9486.71842,10924.73566,-223.6585,12,16,0,0.04
MRCB25,360.5,361,9486.85966,10924.90418,-224.1075,9,16,0,0.11
MRCB25,361,361.5,9487.0009,10925.0727,-224.5565,9,14,0,0.05
MRCB25,361.5,362,9487.14214,10925.24122,-225.0055,9,14,0,0.69
MRCB25,362,362.5,9487.28338,10925.40974,-225.4545,9,14,0,0.07
MRCB25,362.5,363,9487.42462,10925.57826,-225.9035,9,14,0,0.07
MRCB25,363,363.5,9487.56586,10925.74678,-226.3525,9,14,0,0.01
MRCB25,363.5,364,9487.7071,10925.9153,-226.8015,9,14,0,0.01
MRCB25,364,364.5,9487.84834,10926.08382,-227.2505,9,32,0,0.04
MRCB25,364.5,365,9487.98958,10926.25234,-227.6995,9,32,0,0.02
MRCB25,365,365.5,9488.13082,10926.42086,-228.1485,9,32,0,0.09
MRCB25,365.5,366,9488.27206,10926.58938,-228.5975,9,32,0,0.02
MRCB25,366,366.5,9488.4133,10926.7579,-229.0465,9,32,0,0.02
MRCB25,374.5,375,9490.81438,10929.62274,-236.6795,9,14,0,0.01
MRCB25,375,375.5,9490.95562,10929.79126,-237.1285,9,14,0,0.01
MRCB25,375.5,376,9491.09686,10929.95978,-237.5775,9,14,0,0.65
MRCB25,376,376.5,9491.2381,10930.1283,-238.0265,9,40,0,0.13
MRCB25,376.5,377,9491.37934,10930.29682,-238.4755,9,40,0,0.02
MRCB25,377,377.5,9491.52058,10930.46534,-238.9245,9,40,0,0.02
MRCB25,380,380.5,9492.36802,10931.47646,-241.6185,9,60,0,0.02
MRCB25,380.5,381,9492.50926,10931.64498,-242.0675,9,60,0,0.02
MRCB25,381,381.5,9492.6505,10931.8135,-242.5165,9,60,0,0.06
MRCB25,381.5,382,9492.79174,10931.98202,-242.9655,9,60,0,0.7
MRCB25,382,382.5,9492.93298,10932.15054,-243.4145,9,47,0,0.21
MRCB25,382.5,383,9493.07422,10932.31906,-243.8635,9,47,0,0.78
MRCB25,383,383.5,9493.21546,10932.48758,-244.3125,9,47,0,0.42
MRCB25,383.5,384,9493.3567,10932.6561,-244.7615,9,47,0,0.34
MRCB25,384,384.5,9493.49794,10932.82462,-245.2105,9,47,0,0.11
MRCB25,384.5,385,9493.63918,10932.99314,-245.6595,9,47,0,0.06
MRCB25,385,385.5,9493.78042,10933.16166,-246.1085,9,40,0,0.06
MRCB25,385.5,386,9493.92166,10933.33018,-246.5575,9,40,0,0.64
MRCB25,386,386.5,9494.0629,10933.4987,-247.0065,9,40,0,0.11
MRCB25,386.5,387,9494.20414,10933.66722,-247.4555,9,40,0,0.19
MRCB25,387,387.5,9494.34538,10933.83574,-247.9045,9,40,0,0.36
MRCB25,387.5,388,9494.48662,10934.00426,-248.3535,9,40,0,0.46
MRCB25,388,388.5,9494.62786,10934.17278,-248.8025,9,77,0,0.41
MRCB25,388.5,389,9494.7691,10934.3413,-249.2515,9,77,0,0.38
MRCB25,389,389.5,9494.91034,10934.50982,-249.7005,9,77,0,0.34
MRCB25,389.5,390,9495.05158,10934.67834,-250.1495,9,77,0,0.52
MRCB25,390,390.5,9495.19282,10934.84686,-250.5985,9,77,0,0.93
MRCB25,390.5,391,9495.33406,10935.01538,-251.0475,9,77,0,3.16
MRCB25,391,391.5,9495.4753,10935.1839,-251.4965,9,40,3,0.18
MRCB25,391.5,392,9495.61654,10935.35242,-251.9455,9,40,3,0.05
MRCB25,392,392.5,9495.75778,10935.52094,-252.3945,9,40,3,0.03
MRCB25,392.5,393,9495.89902,10935.68946,-252.8435,9,40,3,0.12
MRCB25,393,393.5,9496.04026,10935.85798,-253.2925,9,40,3,0.19
MRCB25,393.5,394,9496.1815,10936.0265,-253.7415,9,40,3,0.22
MRCB25,394,394.5,9496.32274,10936.19502,-254.1905,9,15,3,0.12
MRCB25,394.5,395,9496.46398,10936.36354,-254.6395,9,15,0,0.16
MRCB25,395,395.5,9496.60522,10936.53206,-255.0885,9,15,0,0.24
MRCB25,395.5,396,9496.74646,10936.70058,-255.5375,10,15,0,0.09
MRCB25,396,396.5,9496.8877,10936.8691,-255.9865,10,15,0,0.09
MRCB25,396.5,397,9497.02894,10937.03762,-256.4355,10,15,0,0.42
MRCB25,397,397.5,9497.17018,10937.20614,-256.8845,9,26,1,0.02
MRCB25,397.5,398,9497.31142,10937.37466,-257.3335,9,26,1,0.23
MRCB25,398,398.5,9497.45266,10937.54318,-257.7825,10,32,0,0.35
MRCB25,398.5,399,9497.5939,10937.7117,-258.2315,10,32,0,0.18
MRCB25,399,399.5,9497.73514,10937.88022,-258.6805,10,32,0,0.03
MRCB25,399.5,400,9497.87638,10938.04874,-259.1295,10,32,0,0.7
MRCB25,400,400.5,9498.01762,10938.21726,-259.5785,10,14,0,0.4
MRCB25,400.5,401,9498.15886,10938.38578,-260.0275,10,14,0,0.14
MRCB25,401,401.5,9498.3001,10938.5543,-260.4765,10,14,0,0.34
MRCB25,401.5,402,9498.44134,10938.72282,-260.9255,10,14,0,0.14
MRCB25,402,402.5,9498.58258,10938.89134,-261.3745,10,14,0,0.11
MRCB25,402.5,403,9498.72382,10939.05986,-261.8235,10,14,0,0.2
MRCB25,403,403.5,9498.86506,10939.22838,-262.2725,10,14,0,0.38
MRCB25,403.5,404,9499.0063,10939.3969,-262.7215,10,14,0,0.07
MRCB25,404,404.5,9499.14754,10939.56542,-263.1705,10,14,0,0.02
MRCB25,404.5,405,9499.28878,10939.73394,-263.6195,10,14,0,0.03
MRCB25,405,405.5,9499.43002,10939.90246,-264.0685,10,14,0,0.02
MRCB25,405.5,406,9499.57126,10940.07098,-264.5175,10,14,0,0.02
MRCB25,406,406.5,9499.7125,10940.2395,-264.9665,10,14,0,0.06
MRCB25,406.5,407,9499.85374,10940.40802,-265.4155,10,14,0,0.06
MRCB26,607,607.5,10077.00451,11327.08387,-452.9945,1,15,0,0.01
MRCB26,607.5,608,10077.14017,11327.24572,-453.4475,1,15,0,0.01
MRCB26,608,608.5,10077.27582,11327.40758,-453.9005,1,15,0,0.01
MRCB26,608.5,609,10077.41148,11327.56944,-454.3535,1,20,0,0.01
MRCB26,609,609.5,10077.54713,11327.73129,-454.8065,1,20,0,0.01
MRCB26,609.5,610,10077.68278,11327.89315,-455.2595,1,20,0,0.01
MRCB26,610,610.5,10077.81844,11328.055,-455.7125,1,20,0,0.01
MRCB26,610.5,611,10077.95409,11328.21686,-456.1655,1,20,0,0.01
MRCB26,611,611.5,10078.08975,11328.37872,-456.6185,1,20,0,0.01
MRCB26,611.5,612,10078.2254,11328.54057,-457.0715,1,20,0,0.01
MRCB26,612,612.5,10078.36106,11328.70243,-457.5245,1,8,0,0.03
MRCB26,612.5,613,10078.49671,11328.86428,-457.9775,1,8,0,0.01
MRCB26,613,613.5,10078.63237,11329.02614,-458.4305,1,8,0,0.01
MRCB26,613.5,614,10078.76802,11329.18799,-458.8835,1,20,0,0.01
MRCB26,614,614.5,10078.90368,11329.34985,-459.3365,1,20,0,0.13
MRCB26,614.5,615,10079.03933,11329.51171,-459.7895,1,20,0,0.07
MRCB26,615,615.5,10079.17499,11329.67356,-460.2425,1,20,0,0.01
MRCB26,615.5,616,10079.31064,11329.83542,-460.6955,1,20,0,0.01
MRCB26,616,616.5,10079.44629,11329.99727,-461.1485,1,20,0,0.16
MRCB26,616.5,617,10079.58195,11330.15913,-461.6015,1,20,0,0.21
MRCB26,617,617.5,10079.7176,11330.32099,-462.0545,1,20,0,0.15
MRCB26,617.5,618,10079.85326,11330.48284,-462.5075,1,20,0,0.01
MRCB26,618,618.5,10079.98891,11330.6447,-462.9605,1,20,0,0.05
MRCB26,618.5,619,10080.12457,11330.80655,-463.4135,1,20,0,0.01
MRCB26,619,619.5,10080.26022,11330.96841,-463.8665,1,20,0,0.24
MRCB26,619.5,620,10080.39588,11331.13026,-464.3195,14,8,0,0.24
MRCB26,620,620.5,10080.53153,11331.29212,-464.7725,14,8,0,0.1
MRCB26,620.5,621,10080.66719,11331.45398,-465.2255,14,8,0,0.1
MRCB26,640,640.5,10085.95772,11337.76635,-482.8925,1,20,0,0.01
MRCB26,640.5,641,10086.09337,11337.92821,-483.3455,1,20,0,0.01
MRCB26,641,641.5,10086.22902,11338.09006,-483.7985,1,20,0,0.03
MRCB26,641.5,642,10086.36468,11338.25192,-484.2515,1,20,0,0.23
MRCB26,642,642.5,10086.50033,11338.41378,-484.7045,1,20,0,0.01
MRCB26,642.5,643,10086.63599,11338.57563,-485.1575,1,20,0,0.01
MRCB26,643,643.5,10086.77164,11338.73749,-485.6105,1,20,0,0.01
MRCB26,643.5,644,10086.9073,11338.89934,-486.0635,1,20,0,0.01
MRCB26,644,644.5,10087.04295,11339.0612,-486.5165,1,20,0,0.01
MRCB26,644.5,645,10087.17861,11339.22305,-486.9695,1,20,0,0.01
MRCB26,645,645.5,10087.31426,11339.38491,-487.4225,1,20,0,0.04
MRCB26,645.5,646,10087.44992,11339.54677,-487.8755,1,20,0,0.06
MRCB26,646,646.5,10087.58557,11339.70862,-488.3285,1,20,0,0.04
MRCB26,646.5,647,10087.72123,11339.87048,-488.7815,1,20,0,0.09
MRCB26,647,647.5,10087.85688,11340.03233,-489.2345,1,20,0,0.11
MRCB26,647.5,648,10087.99253,11340.19419,-489.6875,1,20,0,0.2
MRCB26,648,648.5,10088.12819,11340.35604,-490.1405,1,20,0,0.01
MRCB26,648.5,649,10088.26384,11340.5179,-490.5935,1,20,0,0.05
MRCB26,649,649.5,10088.3995,11340.67976,-491.0465,1,20,0,0.01
MRCB26,649.5,650,10088.53515,11340.84161,-491.4995,1,20,0,0.15
MRCB26,650,650.5,10088.67081,11341.00347,-491.9525,1,20,0,0.1
MRCB26,650.5,651,10088.80646,11341.16532,-492.4055,1,20,0,0.48
MRCB26,651,651.5,10088.94212,11341.32718,-492.8585,1,20,0,0.22
MRCB26,651.5,652,10089.07777,11341.48904,-493.3115,1,20,0,0.15
MRCB26,652,652.5,10089.21343,11341.65089,-493.7645,1,20,0,0.17
MRCB26,652.5,653,10089.34908,11341.81275,-494.2175,1,20,0,0.17
MRCB26,653,653.5,10089.48473,11341.9746,-494.6705,1,20,0,0.09
MRCB26,653.5,654,10089.62039,11342.13646,-495.1235,1,20,0,0.11
MRCB26,654,654.5,10089.75604,11342.29831,-495.5765,1,20,0,0.06
MRCB26,654.5,655,10089.8917,11342.46017,-496.0295,1,20,0,0.09
MRCB26,655,655.5,10090.02735,11342.62203,-496.4825,1,13,0,0.04
MRCB26,655.5,656,10090.16301,11342.78388,-496.9355,1,13,0,0.03
MRCB26,656,656.5,10090.29866,11342.94574,-497.3885,1,13,0,0.01
MRCB26,656.5,657,10090.43432,11343.10759,-497.8415,1,13,0,0.02
MRCB26,657,657.5,10090.56997,11343.26945,-498.2945,1,13,0,0.19
MRCB26,657.5,658,10090.70563,11343.4313,-498.7475,1,13,0,0.07
MRCB26,658,658.5,10090.84128,11343.59316,-499.2005,8,20,0,0.04
MRCB26,658.5,659,10090.97694,11343.75502,-499.6535,8,20,0,0.02
MRCB26,659,659.5,10091.11259,11343.91687,-500.1065,8,20,0,0.04
MRCB26,659.5,660,10091.24824,11344.07873,-500.5595,8,20,0,0.01
MRCB26,660,660.5,10091.3839,11344.24058,-501.0125,8,20,0,0.02
MRCB26,660.5,661,10091.51955,11344.40244,-501.4655,8,20,0,0.1
MRCB26,661,661.5,10091.65521,11344.5643,-501.9185,3,13,0,0.01
MRCB26,661.5,662,10091.79086,11344.72615,-502.3715,3,13,0,0.04
MRCB26,662,662.5,10091.92652,11344.88801,-502.8245,3,13,0,0.04
MRCB26,662.5,663,10092.06217,11345.04986,-503.2775,21,13,0,0.01
MRCB26,663,663.5,10092.19783,11345.21172,-503.7305,21,13,0,0.05
MRCB26,663.5,664,10092.33348,11345.37357,-504.1835,21,13,0,0.05
MRCB26,664,664.5,10092.46914,11345.53543,-504.6365,21,13,0,0.01
MRCB26,664.5,665,10092.60479,11345.69729,-505.0895,21,13,0,0.05
MRCB26,665,665.5,10092.74045,11345.85914,-505.5425,21,13,0,0.17
MRCB26,665.5,666,10092.8761,11346.021,-505.9955,21,13,0,0.49
MRCB26,666,666.5,10093.01175,11346.18285,-506.4485,21,13,0,0.2
MRCB26,666.5,667,10093.14741,11346.34471,-506.9015,21,13,0,0.07
MRCB26,667,667.5,10093.28306,11346.50657,-507.3545,21,13,0,0.03
MRCB26,667.5,668,10093.41872,11346.66842,-507.8075,21,13,0,0.04
MRCB26,668,668.5,10093.55437,11346.83028,-508.2605,21,13,0,0.21
MRCB26,668.5,669,10093.69003,11346.99213,-508.7135,21,13,0,0.13
MRCB26,669,669.5,10093.82568,11347.15399,-509.1665,21,13,0,0.07
MRCB26,669.5,670,10093.96134,11347.31584,-509.6195,21,13,0,0.02
MRCB26,670,670.5,10094.09699,11347.4777,-510.0725,13,16,2,0.01
MRCB26,670.5,671,10094.23265,11347.63956,-510.5255,13,16,2,0.01
MRCB26,671,671.5,10094.3683,11347.80141,-510.9785,13,16,2,0.02
MRCB26,671.5,672,10094.50396,11347.96327,-511.4315,13,16,2,0.01
MRCB26,672,672.5,10094.63961,11348.12512,-511.8845,13,16,2,0.01
MRCB26,672.5,673,10094.77526,11348.28698,-512.3375,13,16,2,0.01
MRCB26,673,673.5,10094.91092,11348.44883,-512.7905,21,16,2,0.01
MRCB26,673.5,674,10095.04657,11348.61069,-513.2435,21,16,2,0.05
MRCB26,674,674.5,10095.18223,11348.77255,-513.6965,21,16,2,0.04
MRCB26,674.5,675,10095.31788,11348.9344,-514.1495,21,16,2,0.01
MRCB26,675,675.5,10095.45354,11349.09626,-514.6025,21,16,2,0.05
MRCB26,675.5,676,10095.58919,11349.25811,-515.0555,21,16,2,0.01
MRCB26,676,676.5,10095.72485,11349.41997,-515.5085,18,24,2,0.07
MRCB26,676.5,677,10095.8605,11349.58183,-515.9615,18,24,2,0.04
MRCB26,677,677.5,10095.99616,11349.74368,-516.4145,18,24,2,0.01
MRCB26,677.5,678,10096.13181,11349.90554,-516.8675,18,24,2,0.01
MRCB26,678,678.5,10096.26746,11350.06739,-517.3205,18,24,2,0.01
MRCB26,678.5,679,10096.40312,11350.22925,-517.7735,18,24,2,0.01
MRCB26,679,679.5,10096.53877,11350.3911,-518.2265,1,20,0,0.46
MRCB26,679.5,680,10096.67443,11350.55296,-518.6795,1,20,0,0.16
MRCB26,680,680.5,10096.81008,11350.71482,-519.1325,1,20,0,0.07
MRCB26,680.5,681,10096.94574,11350.87667,-519.5855,1,20,0,0.07
MRCB26,681,681.5,10097.08139,11351.03853,-520.0385,1,20,0,0.01
MRCB26,681.5,682,10097.21705,11351.20038,-520.4915,1,20,0,0.09
MRCB26,682,682.5,10097.3527,11351.36224,-520.9445,9,8,22,0.01
MRCB26,682.5,683,10097.48836,11351.52409,-521.3975,9,8,22,0.01
MRCB26,683.5,684,10097.75967,11351.84781,-522.3035,9,8,22,0.03
MRCB26,684,684.5,10097.89532,11352.00966,-522.7565,9,8,22,0.03
MRCB26,684.5,685,10098.03097,11352.17152,-523.2095,9,8,22,0.13
MRCB26,685,685.5,10098.16663,11352.33337,-523.6625,2,8,0,0.06
MRCB26,685.5,686,10098.30228,11352.49523,-524.1155,2,8,0,0.01
MRCB26,686,686.5,10098.43794,11352.65709,-524.5685,2,8,0,0.02
MRCB26,686.5,687,10098.57359,11352.81894,-525.0215,2,8,0,0.02
MRCB26,687,687.5,10098.70925,11352.9808,-525.4745,2,8,0,0.01
MRCB26,687.5,688,10098.8449,11353.14265,-525.9275,2,8,0,0.06
MRCB26,688,688.5,10098.98056,11353.30451,-526.3805,2,8,0,0.05
MRCB26,688.5,689,10099.11621,11353.46636,-526.8335,9,14,0,0.02
MRCB26,689,689.5,10099.25187,11353.62822,-527.2865,14,14,0,0.02
MRCB26,698,698.5,10101.69365,11356.54162,-535.4405,2,8,0,0.01
MRCB26,698.5,699,10101.8293,11356.70348,-535.8935,2,19,0,0.01
MRCB26,699,699.5,10101.96496,11356.86534,-536.3465,2,19,0,0.08
MRCB26,699.5,700,10102.10061,11357.02719,-536.7995,2,19,0,0.09
MRCB26,700,700.5,10102.23627,11357.18905,-537.2525,9,20,2,0.02
MRCB26,700.5,701,10102.37192,11357.3509,-537.7055,9,20,2,0.01
MRCB26,701,701.5,10102.50758,11357.51276,-538.1585,9,20,2,0.07
MRCB26,701.5,702,10102.64323,11357.67462,-538.6115,9,20,2,0.03
MRCB26,702,702.5,10102.77889,11357.83647,-539.0645,9,20,2,0.07
MRCB26,702.5,703,10102.91454,11357.99833,-539.5175,9,20,2,0.01
MRCB26,703,703.5,10103.05019,11358.16018,-539.9705,9,1,0,0.54
MRCB26,703.5,704,10103.18585,11358.32204,-540.4235,9,1,0,0.68
MRCB26,704,704.5,10103.3215,11358.48389,-540.8765,9,1,0,0.53
MRCB26,704.5,705,10103.45716,11358.64575,-541.3295,9,1,0,0.35
MRCB26,705,705.5,10103.59281,11358.80761,-541.7825,9,1,0,0.5
MRCB26,705.5,706,10103.72847,11358.96946,-542.2355,9,1,0,0.56
MRCB26,706,706.5,10103.86412,11359.13132,-542.6885,1,1,0,0.07
MRCB26,706.5,707,10103.99978,11359.29317,-543.1415,1,1,0,0.18
MRCB26,707,707.5,10104.13543,11359.45503,-543.5945,1,1,0,0.28
MRCB26,707.5,708,10104.27109,11359.61688,-544.0475,1,1,0,0.38
MRCB26,708,708.5,10104.40674,11359.77874,-544.5005,1,1,0,0.16
MRCB26,708.5,709,10104.5424,11359.9406,-544.9535,1,1,0,0.03
MRCB26,709,709.5,10104.67805,11360.10245,-545.4065,1,1,0,0.27
MRCB26,709.5,710,10104.8137,11360.26431,-545.8595,1,1,0,0.04
MRCB26,710,710.5,10104.94936,11360.42616,-546.3125,2,16,0,0.12
MRCB26,710.5,711,10105.08501,11360.58802,-546.7655,2,16,0,0.22
MRCB26,711,711.5,10105.22067,11360.74988,-547.2185,2,16,0,0.21
MRCB26,711.5,712,10105.35632,11360.91173,-547.6715,2,16,0,0.42
MRCB26,712,712.5,10105.49198,11361.07359,-548.1245,9,20,0,0.01
MRCB26,712.5,713,10105.62763,11361.23544,-548.5775,9,20,0,0.26
MRCB26,713,713.5,10105.76329,11361.3973,-549.0305,9,20,0,0.1
MRCB26,713.5,714,10105.89894,11361.55915,-549.4835,9,20,0,0.22
MRCB26,714,714.5,10106.0346,11361.72101,-549.9365,9,20,0,0.22
MRCB26,714.5,715,10106.17025,11361.88287,-550.3895,9,8,0,0.01
MRCB26,715,715.5,10106.30591,11362.04472,-550.8425,14,8,0,0.01
MRCB26,715.5,716,10106.44156,11362.20658,-551.2955,14,8,0,0.01
MRCB26,716.5,717,10106.71287,11362.53029,-552.2015,27,8,0,0.01
MRCB26,717,717.5,10106.84852,11362.69215,-552.6545,27,8,0,0.01
MRCB26,717.5,718,10106.98418,11362.854,-553.1075,27,8,0,0.03
MRCB26,718,718.5,10107.11983,11363.01586,-553.5605,27,24,0,0.08
MRCB26,718.5,719,10107.25549,11363.17771,-554.0135,27,24,0,0.15
MRCB26,719,719.5,10107.39114,11363.33957,-554.4665,27,24,0,0.35
MRCB26,719.5,720,10107.5268,11363.50142,-554.9195,27,24,0,0.71
MRCB26,720,720.5,10107.66245,11363.66328,-555.3725,27,24,0,0.65
MRCB26,720.5,721,10107.79811,11363.82514,-555.8255,27,24,0,0.43
MRCB26,721,721.5,10107.93376,11363.98699,-556.2785,1,1,0,0.19
MRCB26,721.5,722,10108.06942,11364.14885,-556.7315,1,1,0,0.23
MRCB26,722,722.5,10108.20507,11364.3107,-557.1845,1,1,0,0.35
MRCB26,722.5,723,10108.34072,11364.47256,-557.6375,1,1,0,0.35
MRCB26,723,723.5,10108.47638,11364.63441,-558.0905,1,1,0,0.66
MRCB26,723.5,724,10108.61203,11364.79627,-558.5435,1,1,0,0.98
MRCB26,724,724.5,10108.74769,11364.95813,-558.9965,1,1,0,0.76
MRCB26,724.5,725,10108.88334,11365.11998,-559.4495,1,1,0,0.7
MRCB26,725,725.5,10109.019,11365.28184,-559.9025,1,1,0,1
MRCB26,725.5,726,10109.15465,11365.44369,-560.3555,1,1,0,0.36
MRCB26,726,726.5,10109.29031,11365.60555,-560.8085,9,16,0,0.44
MRCB26,726.5,727,10109.42596,11365.76741,-561.2615,9,16,0,0.66
MRCB26,727,727.5,10109.56162,11365.92926,-561.7145,9,1,0,0.78
MRCB26,727.5,728,10109.69727,11366.09112,-562.1675,9,1,0,1.24
MRCB26,728,728.5,10109.83292,11366.25297,-562.6205,9,1,0,1.06
MRCB26,728.5,729,10109.96858,11366.41483,-563.0735,9,1,0,1.2
MRCB26,729,729.5,10110.10423,11366.57668,-563.5265,10,1,0,0.53
MRCB26,729.5,730,10110.23989,11366.73854,-563.9795,1,1,0,0.75
MRCB26,730,730.5,10110.37554,11366.9004,-564.4325,1,15,0,0.41
MRCB26,730.5,731,10110.5112,11367.06225,-564.8855,1,15,0,0.55
MRCB26,731,731.5,10110.64685,11367.22411,-565.3385,1,15,0,0.53
MRCB26,731.5,732,10110.78251,11367.38596,-565.7915,1,15,0,0.68
MRCB26,732,732.5,10110.91816,11367.54782,-566.2445,1,15,0,0.48
MRCB26,732.5,733,10111.05382,11367.70967,-566.6975,1,15,0,0.22
MRCB26,733,733.5,10111.18947,11367.87153,-567.1505,1,78,0,0.28
MRCB26,733.5,734,10111.32513,11368.03339,-567.6035,1,78,0,0.2
MRCB26,734,734.5,10111.46078,11368.19524,-568.0565,1,78,0,0.13
MRCB26,734.5,735,10111.59643,11368.3571,-568.5095,1,78,0,0.18
MRCB26,735,735.5,10111.73209,11368.51895,-568.9625,1,78,0,0.35
MRCB26,735.5,736,10111.86774,11368.68081,-569.4155,1,78,0,0.23
MRCB26,736,736.5,10112.0034,11368.84267,-569.8685,2,20,2,0.21
MRCB26,736.5,737,10112.13905,11369.00452,-570.3215,2,20,2,0.17
MRCB26,737,737.5,10112.27471,11369.16638,-570.7745,2,20,2,1.45
MRCB26,737.5,738,10112.41036,11369.32823,-571.2275,2,20,2,0.03
MRCB26,738,738.5,10112.54602,11369.49009,-571.6805,2,20,2,0.04
MRCB26,738.5,739,10112.68167,11369.65194,-572.1335,2,20,2,0.1
MRCB26,739,739.5,10112.81733,11369.8138,-572.5865,2,18,0,0.06
MRCB26,739.5,740,10112.95298,11369.97566,-573.0395,2,18,0,0.53
MRCB26,740,740.5,10113.08864,11370.13751,-573.4925,2,18,0,0.08
MRCB26,740.5,741,10113.22429,11370.29937,-573.9455,2,18,0,0.72
MRCB26,741,741.5,10113.35994,11370.46122,-574.3985,2,18,0,0.22
MRCB26,741.5,742,10113.4956,11370.62308,-574.8515,2,18,0,0.02
MRCB26,742,742.5,10113.63125,11370.78494,-575.3045,24,8,0,0.01
MRCB26,742.5,743,10113.76691,11370.94679,-575.7575,24,8,0,0.01
MRCB26,743,743.5,10113.90256,11371.10865,-576.2105,24,8,0,0.01
MRCB26,743.5,744,10114.03822,11371.2705,-576.6635,24,8,0,0.01
MRCB26,746,746.5,10114.71649,11372.07978,-578.9285,24,14,0,0.01
MRCB26,746.5,747,10114.85215,11372.24164,-579.3815,24,14,0,0.01
MRCB26,747,747.5,10114.9878,11372.40349,-579.8345,24,14,0,0.07
MRCB26,747.5,748,10115.12345,11372.56535,-580.2875,24,14,0,0.12
MRCB26,748,748.5,10115.25911,11372.7272,-580.7405,11,18,0,0.6
MRCB26,748.5,749,10115.39476,11372.88906,-581.1935,11,18,0,0.14
MRCB26,749,749.5,10115.53042,11373.05092,-581.6465,11,18,0,0.31
MRCB26,749.5,750,10115.66607,11373.21277,-582.0995,11,18,0,0.75
MRCB26,750,750.5,10115.80173,11373.37463,-582.5525,11,18,0,0.06
MRCB26,750.5,751,10115.93738,11373.53648,-583.0055,11,18,0,0.11
MRCB26,751,751.5,10116.07304,11373.69834,-583.4585,9,20,0,0.37
MRCB26,751.5,752,10116.20869,11373.8602,-583.9115,9,20,0,0.13
MRCB26,752,752.5,10116.34435,11374.02205,-584.3645,9,20,0,0.08
MRCB26,752.5,753,10116.48,11374.18391,-584.8175,9,20,0,0.05
MRCB26,753,753.5,10116.61565,11374.34576,-585.2705,9,20,0,0.01
MRCB26,753.5,754,10116.75131,11374.50762,-585.7235,1,14,0,0.09
MRCB26,754,754.5,10116.88696,11374.66947,-586.1765,9,15,0,0.01
MRCB26,754.5,755,10117.02262,11374.83133,-586.6295,9,15,0,0.01
MRCB26,755,755.5,10117.15827,11374.99319,-587.0825,9,15,0,0.01
MRCB26,755.5,756,10117.29393,11375.15504,-587.5355,9,15,0,0.16
MRCB26,756,756.5,10117.42958,11375.3169,-587.9885,9,15,0,0.01
MRCB26,756.5,757,10117.56524,11375.47875,-588.4415,9,15,0,0.09
MRCB26,757,757.5,10117.70089,11375.64061,-588.8945,9,20,0,0.12
MRCB26,757.5,758,10117.83655,11375.80246,-589.3475,9,20,0,0.08
MRCB26,758,758.5,10117.9722,11375.96432,-589.8005,9,20,0,0.11
MRCB26,758.5,759,10118.10786,11376.12618,-590.2535,9,20,0,0.02
MRCB26,759,759.5,10118.24351,11376.28803,-590.7065,9,20,0,0.06
MRCB26,759.5,760,10118.37916,11376.44989,-591.1595,9,20,0,0.12
MRCB26,760,760.5,10118.51482,11376.61174,-591.6125,1,18,0,0.03
MRCB26,760.5,761,10118.65047,11376.7736,-592.0655,1,18,0,0.3
MRCB26,761,761.5,10118.78613,11376.93546,-592.5185,1,18,0,0.95
MRCB26,761.5,762,10118.92178,11377.09731,-592.9715,1,18,0,1.17
MRCB26,762,762.5,10119.05744,11377.25917,-593.4245,1,18,0,0.17
MRCB26,762.5,763,10119.19309,11377.42102,-593.8775,1,18,0,0.15
MRCB26,763,763.5,10119.32875,11377.58288,-594.3305,1,18,0,0.63
MRCB26,763.5,764,10119.4644,11377.74473,-594.7835,1,18,0,0.05
MRCB26,764,764.5,10119.60006,11377.90659,-595.2365,1,18,0,0.02
MRCB26,764.5,765,10119.73571,11378.06845,-595.6895,1,18,0,0.03
MRCB26,765,765.5,10119.87137,11378.2303,-596.1425,1,18,0,0.24
MRCB26,765.5,766,10120.00702,11378.39216,-596.5955,1,18,0,0.01
MRCB26,766,766.5,10120.14267,11378.55401,-597.0485,1,15,0,0.08
MRCB26,766.5,767,10120.27833,11378.71587,-597.5015,1,15,0,0.07
MRCB26,767,767.5,10120.41398,11378.87773,-597.9545,1,15,0,0.08
MRCB26,767.5,768,10120.54964,11379.03958,-598.4075,1,15,0,0.07
MRCB26,768,768.5,10120.68529,11379.20144,-598.8605,1,15,0,0.15
MRCB26,768.5,769,10120.82095,11379.36329,-599.3135,1,15,0,0.2
MRCB26,769,769.5,10120.9566,11379.52515,-599.7665,1,15,0,0.52
MRCB26,769.5,770,10121.09226,11379.687,-600.2195,1,18,2,0.35
MRCB26,770,770.5,10121.22791,11379.84886,-600.6725,9,18,2,0.66
MRCB26,770.5,771,10121.36357,11380.01072,-601.1255,9,18,2,2.91
MRCB26,771,771.5,10121.49922,11380.17257,-601.5785,9,18,2,0.79
MRCB26,771.5,772,10121.63488,11380.33443,-602.0315,9,18,2,0.88
MRCB26,772,772.5,10121.77053,11380.49628,-602.4845,9,15,2,0.07
MRCB26,772.5,773,10121.90618,11380.65814,-602.9375,9,15,2,0.73
MRCB26,773,773.5,10122.04184,11380.81999,-603.3905,9,15,2,0.5
MRCB26,773.5,774,10122.17749,11380.98185,-603.8435,9,15,2,0.35
MRCB26,774,774.5,10122.31315,11381.14371,-604.2965,9,15,2,0.13
MRCB26,774.5,775,10122.4488,11381.30556,-604.7495,9,15,2,0.91
MRCB26,775,775.5,10122.58446,11381.46742,-605.2025,9,15,2,0.29
MRCB26,775.5,776,10122.72011,11381.62927,-605.6555,9,15,2,0.4
MRCB26,776,776.5,10122.85577,11381.79113,-606.1085,9,15,2,0.25
MRCB26,776.5,777,10122.99142,11381.95299,-606.5615,9,15,2,0.25
MRCB26,777,777.5,10123.12708,11382.11484,-607.0145,9,15,2,0.52
MRCB26,777.5,778,10123.26273,11382.2767,-607.4675,9,15,2,0.23
MRCB26,778,778.5,10123.39838,11382.43855,-607.9205,9,15,2,0.39
MRCB26,778.5,779,10123.53404,11382.60041,-608.3735,9,15,2,0.2
MRCB26,779,779.5,10123.66969,11382.76226,-608.8265,9,15,2,0.16
MRCB26,779.5,780,10123.80535,11382.92412,-609.2795,9,15,2,0.45
MRCB26,780,780.5,10123.941,11383.08598,-609.7325,9,15,2,0.51
MRCB26,780.5,781,10124.07666,11383.24783,-610.1855,9,15,2,0.1
MRCB26,781,781.5,10124.21231,11383.40969,-610.6385,9,20,2,0.13
MRCB26,781.5,782,10124.34797,11383.57154,-611.0915,9,20,2,0.11
MRCB26,782,782.5,10124.48362,11383.7334,-611.5445,9,20,2,0.02
MRCB26,782.5,783,10124.61928,11383.89525,-611.9975,9,20,2,0.17
MRCB26,783,783.5,10124.75493,11384.05711,-612.4505,9,20,2,0.01
MRCB26,783.5,784,10124.89059,11384.21897,-612.9035,9,20,2,0.02
MRCB26,784,784.5,10125.02624,11384.38082,-613.3565,9,1,2,0.28
MRCB26,784.5,785,10125.16189,11384.54268,-613.8095,9,1,2,0.09
MRCB26,785,785.5,10125.29755,11384.70453,-614.2625,9,1,2,0.16
MRCB26,785.5,786,10125.4332,11384.86639,-614.7155,9,1,2,0.72
MRCB26,786,786.5,10125.56886,11385.02825,-615.1685,9,1,2,0.24
MRCB26,786.5,787,10125.70451,11385.1901,-615.6215,9,1,2,0.15
MRCB26,787,787.5,10125.84017,11385.35196,-616.0745,9,1,2,0.02
MRCB26,787.5,788,10125.97582,11385.51381,-616.5275,9,1,2,0.05
MRCB26,788,788.5,10126.11148,11385.67567,-616.9805,9,1,2,0.03
MRCB26,788.5,789,10126.24713,11385.83752,-617.4335,9,1,2,0.04
MRCB26,789,789.5,10126.38279,11385.99938,-617.8865,9,1,2,0.19
MRCB26,789.5,790,10126.51844,11386.16124,-618.3395,9,1,2,0.85
MRCB26,790,790.5,10126.6541,11386.32309,-618.7925,9,15,2,0.84
MRCB26,790.5,791,10126.78975,11386.48495,-619.2455,2,20,0,0.26
MRCB26,791,791.5,10126.9254,11386.6468,-619.6985,28,20,0,0.07
MRCB26,791.5,792,10127.06106,11386.80866,-620.1515,28,20,0,0.06
MRCB26,792,792.5,10127.19671,11386.97052,-620.6045,28,20,0,0.01
MRCB26,792.5,793,10127.33237,11387.13237,-621.0575,28,20,0,0.26
MRCB26,793,793.5,10127.46802,11387.29423,-621.5105,1,1,0,0.35
MRCB26,793.5,794,10127.60368,11387.45608,-621.9635,1,1,0,0.49
MRCB26,794,794.5,10127.73933,11387.61794,-622.4165,1,1,0,0.07
MRCB26,794.5,795,10127.87499,11387.77979,-622.8695,10,8,2,0.01
MRCB26,795,795.5,10128.01064,11387.94165,-623.3225,23,8,2,0.01
MRCB26,795.5,796,10128.1463,11388.10351,-623.7755,23,8,2,0.01
MRCB26,796,796.5,10128.28195,11388.26536,-624.2285,23,8,2,0.01
MRCB26,796.5,797,10128.41761,11388.42722,-624.6815,23,8,2,0.01
MRCB26,797,797.5,10128.55326,11388.58907,-625.1345,23,8,2,0.24
MRCB26,797.5,798,10128.68891,11388.75093,-625.5875,23,8,0,0.01
MRCB26,798,798.5,10128.82457,11388.91278,-626.0405,10,20,0,0.01
MRCB26,802,802.5,10129.90981,11390.20763,-629.6645,1,8,2,0.01
MRCB26,802.5,803,10130.04546,11390.36949,-630.1175,10,15,0,0.01
MRCB26,803,803.5,10130.18111,11390.53134,-630.5705,9,15,0,0.44
MRCB26,803.5,804,10130.31677,11390.6932,-631.0235,9,15,0,0.01
MRCB26,804,804.5,10130.45242,11390.85505,-631.4765,9,15,0,0.05
MRCB26,804.5,805,10130.58808,11391.01691,-631.9295,9,15,0,0.01
MRCB26,805,805.5,10130.72373,11391.17877,-632.3825,9,15,0,0.01
MRCB26,805.5,806,10130.85939,11391.34062,-632.8355,10,20,0,0.03
MRCB26,806,806.5,10130.99504,11391.50248,-633.2885,1,20,0,0.01
MRCB26,806.5,807,10131.1307,11391.66433,-633.7415,1,20,0,0.01
MRCB26,807,807.5,10131.26635,11391.82619,-634.1945,1,20,0,0.01
MRCB26,807.5,808,10131.40201,11391.98804,-634.6475,1,20,0,0.01
MRCB26,808,808.5,10131.53766,11392.1499,-635.1005,1,1,0,0.1
MRCB26,808.5,809,10131.67332,11392.31176,-635.5535,1,1,0,0.35
MRCB26,809,809.5,10131.80897,11392.47361,-636.0065,1,1,0,0.05
MRCB26,809.5,810,10131.94462,11392.63547,-636.4595,1,1,0,0.05
MRCB27,252.5,253,9762.681335,10768.90171,-105.21325,18,14,0,0.01
MRCB27,253,253.5,9762.864305,10769.12002,-105.62275,18,14,0,0.01
MRCB27,253.5,254,9763.047275,10769.33833,-106.03225,18,14,0,0.01
MRCB27,254,254.5,9763.230245,10769.55664,-106.44175,18,14,0,0.01
MRCB27,254.5,255,9763.413215,10769.77495,-106.85125,18,14,0,0.01
MRCB27,255,255.5,9763.596185,10769.99326,-107.26075,18,14,0,0.01
MRCB27,255.5,256,9763.779155,10770.21157,-107.67025,18,14,0,0.01
MRCB27,256,256.5,9763.962125,10770.42988,-108.07975,1,52,5,0.01
MRCB27,256.5,257,9764.145095,10770.64819,-108.48925,1,52,5,0.04
MRCB27,257,257.5,9764.328065,10770.8665,-108.89875,1,52,5,0.18
MRCB27,257.5,258,9764.511035,10771.08481,-109.30825,1,52,5,0.22
MRCB27,258,258.5,9764.694005,10771.30312,-109.71775,1,52,5,0.07
MRCB27,258.5,259,9764.876975,10771.52143,-110.12725,1,52,5,0.02
MRCB27,259,259.5,9765.059945,10771.73974,-110.53675,1,2,0,0.14
MRCB27,259.5,260,9765.242915,10771.95805,-110.94625,1,2,0,0.1
MRCB27,260,260.5,9765.425885,10772.17636,-111.35575,1,2,0,0.04
MRCB27,260.5,261,9765.608855,10772.39467,-111.76525,1,2,0,0.05
MRCB27,261,261.5,9765.791825,10772.61298,-112.17475,1,2,0,0.02
MRCB27,261.5,262,9765.974795,10772.83129,-112.58425,1,2,0,0.01
MRCB27,262,262.5,9766.157765,10773.0496,-112.99375,2,20,1,0.08
MRCB27,262.5,263,9766.340735,10773.26791,-113.40325,2,20,1,0.04
MRCB27,263,263.5,9766.523705,10773.48622,-113.81275,2,20,1,0.01
MRCB27,263.5,264,9766.706675,10773.70453,-114.22225,2,20,1,0.01
MRCB27,267,267.5,9767.987465,10775.2327,-117.08875,9,14,1,0.01
MRCB27,267.5,268,9768.170435,10775.45101,-117.49825,9,14,1,0.01
MRCB27,268,268.5,9768.353405,10775.66932,-117.90775,16,14,1,0.12
MRCB27,268.5,269,9768.536375,10775.88763,-118.31725,16,14,1,0.01
MRCB27,269,269.5,9768.719345,10776.10594,-118.72675,16,14,1,0.01
MRCB27,269.5,270,9768.902315,10776.32425,-119.13625,16,14,1,0.01
MRCB27,270,270.5,9769.085285,10776.54256,-119.54575,16,14,1,0.01
MRCB27,270.5,271,9769.268255,10776.76087,-119.95525,16,14,1,0.01
MRCB27,271,271.5,9769.451225,10776.97918,-120.36475,16,14,0,0.13
MRCB27,271.5,272,9769.634195,10777.19749,-120.77425,16,14,0,0.04
MRCB27,272,272.5,9769.817165,10777.4158,-121.18375,9,60,0,0.11
MRCB27,272.5,273,9770.000135,10777.63411,-121.59325,9,60,0,0.11
MRCB27,273,273.5,9770.183105,10777.85242,-122.00275,9,60,0,0.15
MRCB27,273.5,274,9770.366075,10778.07073,-122.41225,9,60,0,0.08
MRCB27,274,274.5,9770.549045,10778.28904,-122.82175,9,20,1,0.07
MRCB27,274.5,275,9770.732015,10778.50735,-123.23125,9,20,1,0.01
MRCB27,275,275.5,9770.914985,10778.72566,-123.64075,9,20,1,0.05
MRCB27,275.5,276,9771.097955,10778.94397,-124.05025,9,20,1,0.04
MRCB27,276,276.5,9771.280925,10779.16228,-124.45975,9,20,1,0.08
MRCB27,276.5,277,9771.463895,10779.38059,-124.86925,9,20,1,0.06
MRCB27,277,277.5,9771.646865,10779.5989,-125.27875,9,20,1,0.04
MRCB27,277.5,278,9771.829835,10779.81721,-125.68825,9,20,1,0.02
MRCB27,278,278.5,9772.012805,10780.03552,-126.09775,9,20,1,0.02
MRCB27,278.5,279,9772.195775,10780.25383,-126.50725,9,20,1,0.01
MRCB27,279,279.5,9772.378745,10780.47214,-126.91675,9,20,1,0.01
MRCB27,279.5,280,9772.561715,10780.69045,-127.32625,9,20,1,0.07
MRCB27,280,280.5,9772.744685,10780.90876,-127.73575,9,15,1,0.01
MRCB27,280.5,281,9772.927655,10781.12707,-128.14525,19,14,0,0.01
MRCB27,281,281.5,9773.110625,10781.34538,-128.55475,19,14,0,0.01
MRCB27,281.5,282,9773.293595,10781.56369,-128.96425,12,14,16,0.01
MRCB27,282,282.5,9773.476565,10781.782,-129.37375,12,14,16,0.03
MRCB27,282.5,283,9773.659535,10782.00031,-129.78325,12,14,16,0.03
MRCB27,283,283.5,9773.842505,10782.21862,-130.19275,16,19,0,0.02
MRCB27,283.5,284,9774.025475,10782.43693,-130.60225,16,19,0,0.06
MRCB27,284,284.5,9774.208445,10782.65524,-131.01175,16,19,0,0.01
MRCB27,284.5,285,9774.391415,10782.87355,-131.42125,16,19,0,0.01
MRCB27,285,285.5,9774.574385,10783.09186,-131.83075,16,19,0,0.01
MRCB27,285.5,286,9774.757355,10783.31017,-132.24025,16,19,0,0.01
MRCB27,286,286.5,9774.940325,10783.52848,-132.64975,16,14,1,0.01
MRCB27,286.5,287,9775.123295,10783.74679,-133.05925,16,14,1,0.02
MRCB27,287,287.5,9775.306265,10783.9651,-133.46875,16,14,1,0.07
MRCB27,287.5,288,9775.489235,10784.18341,-133.87825,16,14,1,0.01
MRCB27,288,288.5,9775.672205,10784.40172,-134.28775,16,14,1,0.04
MRCB27,288.5,289,9775.855175,10784.62003,-134.69725,16,14,1,0.09
MRCB27,289,289.5,9776.038145,10784.83834,-135.10675,16,14,1,0.02
MRCB27,289.5,290,9776.221115,10785.05665,-135.51625,9,34,1,0.01
MRCB27,290,290.5,9776.404085,10785.27496,-135.92575,9,34,1,0.02
MRCB27,290.5,291,9776.587055,10785.49327,-136.33525,9,34,1,0.01
MRCB27,291,291.5,9776.770025,10785.71158,-136.74475,9,34,1,0.07
MRCB27,291.5,292,9776.952995,10785.92989,-137.15425,9,34,1,0.21
MRCB27,292,292.5,9777.135965,10786.1482,-137.56375,2,14,1,0.09
MRCB27,292.5,293,9777.318935,10786.36651,-137.97325,2,14,1,0.22
MRCB27,293,293.5,9777.501905,10786.58482,-138.38275,2,51,1,0.02
MRCB27,293.5,294,9777.684875,10786.80313,-138.79225,2,51,1,0.01
MRCB27,294,294.5,9777.867845,10787.02144,-139.20175,2,51,1,0.01
MRCB27,294.5,295,9778.050815,10787.23975,-139.61125,2,51,1,0.04
MRCB27,295,295.5,9778.233785,10787.45806,-140.02075,9,18,1,0.03
MRCB27,295.5,296,9778.416755,10787.67637,-140.43025,9,18,1,0.11
MRCB27,296,296.5,9778.599725,10787.89468,-140.83975,9,18,1,0.05
MRCB27,296.5,297,9778.782695,10788.11299,-141.24925,9,18,1,0.09
MRCB27,297,297.5,9778.965665,10788.3313,-141.65875,9,18,1,0.24
MRCB27,297.5,298,9779.148635,10788.54961,-142.06825,9,18,1,0.13
MRCB27,298,298.5,9779.331605,10788.76792,-142.47775,9,20,0,0.11
MRCB27,298.5,299,9779.514575,10788.98623,-142.88725,9,20,0,0.09
MRCB27,299,299.5,9779.697545,10789.20454,-143.29675,9,20,0,0.02
MRCB27,299.5,300,9779.880515,10789.42285,-143.70625,9,20,0,0.02
MRCB27,301,301.5,9780.429425,10790.07778,-144.93475,16,18,0,0.01
MRCB27,301.5,302,9780.612395,10790.29609,-145.34425,16,15,0,0.01
MRCB27,302,302.5,9780.795365,10790.5144,-145.75375,16,15,0,0.01
MRCB27,302.5,303,9780.978335,10790.73271,-146.16325,16,15,0,0.01
MRCB27,303,303.5,9781.161305,10790.95102,-146.57275,16,15,0,0.01
MRCB27,303.5,304,9781.344275,10791.16933,-146.98225,16,15,0,0.01
MRCB27,304,304.5,9781.527245,10791.38764,-147.39175,11,14,0,0.23
MRCB27,304.5,305,9781.710215,10791.60595,-147.80125,9,79,0,0.18
MRCB27,305,305.5,9781.893185,10791.82426,-148.21075,9,79,0,0.12
MRCB27,305.5,306,9782.076155,10792.04257,-148.62025,9,79,0,0.16
MRCB27,306,306.5,9782.259125,10792.26088,-149.02975,9,79,0,0.17
MRCB27,306.5,307,9782.442095,10792.47919,-149.43925,9,79,0,0.13
MRCB27,307,307.5,9782.625065,10792.6975,-149.84875,9,14,0,0.11
MRCB27,307.5,308,9782.808035,10792.91581,-150.25825,18,18,0,0.09
MRCB27,308,308.5,9782.991005,10793.13412,-150.66775,18,18,0,0.09
MRCB27,315.5,316,9785.735555,10796.40877,-156.81025,18,14,0,0.01
MRCB27,316,316.5,9785.918525,10796.62708,-157.21975,18,80,0,0.01
MRCB27,316.5,317,9786.101495,10796.84539,-157.62925,18,80,0,0.13
MRCB27,317,317.5,9786.284465,10797.0637,-158.03875,18,80,0,0.09
MRCB27,317.5,318,9786.467435,10797.28201,-158.44825,18,80,0,0.04
MRCB27,318,318.5,9786.650405,10797.50032,-158.85775,18,80,0,0.39
MRCB27,318.5,319,9786.833375,10797.71863,-159.26725,18,80,0,0.28
MRCB27,319,319.5,9787.016345,10797.93694,-159.67675,18,80,0,0.09
MRCB27,319.5,320,9787.199315,10798.15525,-160.08625,18,80,0,0.08
MRCB27,320,320.5,9787.382285,10798.37356,-160.49575,18,80,0,0.06
MRCB27,328,328.5,9790.309805,10801.86652,-167.04775,16,61,0,0.03
MRCB27,328.5,329,9790.492775,10802.08483,-167.45725,16,61,0,0.03
MRCB27,329,329.5,9790.675745,10802.30314,-167.86675,16,61,0,0.11
MRCB27,329.5,330,9790.858715,10802.52145,-168.27625,16,61,0,0.3
MRCB27,330,330.5,9791.041685,10802.73976,-168.68575,16,61,0,0.08
MRCB27,330.5,331,9791.224655,10802.95807,-169.09525,16,61,0,0.09
MRCB27,331,331.5,9791.407625,10803.17638,-169.50475,22,18,0,0.08
MRCB27,331.5,332,9791.590595,10803.39469,-169.91425,22,18,0,0.07
MRCB27,332,332.5,9791.773565,10803.613,-170.32375,22,18,0,0.08
MRCB27,332.5,333,9791.956535,10803.83131,-170.73325,22,18,0,0.08
MRCB27,333,333.5,9792.139505,10804.04962,-171.14275,22,18,0,0.33
MRCB27,333.5,334,9792.322475,10804.26793,-171.55225,22,18,0,0.71
MRCB27,334,334.5,9792.505445,10804.48624,-171.96175,16,81,21,0.2
MRCB27,334.5,335,9792.688415,10804.70455,-172.37125,16,81,21,0.07
MRCB27,335,335.5,9792.871385,10804.92286,-172.78075,16,81,21,0.6
MRCB27,335.5,336,9793.054355,10805.14117,-173.19025,16,81,21,0.44
MRCB27,336,336.5,9793.237325,10805.35948,-173.59975,16,81,21,0.48
MRCB27,336.5,337,9793.420295,10805.57779,-174.00925,16,81,21,0.56
MRCB27,337,337.5,9793.603265,10805.7961,-174.41875,9,18,14,0.09
MRCB27,337.5,338,9793.786235,10806.01441,-174.82825,9,18,14,0.36
MRCB27,338,338.5,9793.969205,10806.23272,-175.23775,9,18,14,0.74
MRCB27,338.5,339,9794.152175,10806.45103,-175.64725,16,29,0,0.64
MRCB27,339,339.5,9794.335145,10806.66934,-176.05675,16,29,0,0.82
MRCB27,339.5,340,9794.518115,10806.88765,-176.46625,16,29,0,0.9
MRCB27,340,340.5,9794.701085,10807.10596,-176.87575,2,14,0,0.94
MRCB27,340.5,341,9794.884055,10807.32427,-177.28525,2,14,0,0.79
MRCB27,341,341.5,9795.067025,10807.54258,-177.69475,2,14,0,0.82
MRCB27,341.5,342,9795.249995,10807.76089,-178.10425,2,14,0,0.82
MRCB27,342,342.5,9795.432965,10807.9792,-178.51375,2,14,0,0.75
MRCB27,342.5,343,9795.615935,10808.19751,-178.92325,2,14,0,1.06
MRCB27,343,343.5,9795.798905,10808.41582,-179.33275,2,81,0,1.05
MRCB27,343.5,344,9795.981875,10808.63413,-179.74225,2,81,0,0.26
MRCB27,344,344.5,9796.164845,10808.85244,-180.15175,2,81,0,0.61
MRCB27,344.5,345,9796.347815,10809.07075,-180.56125,2,81,0,0.53
MRCB27,345,345.5,9796.530785,10809.28906,-180.97075,2,81,0,0.75
MRCB27,345.5,346,9796.713755,10809.50737,-181.38025,2,81,0,0.62
MRCB27,346,346.5,9796.896725,10809.72568,-181.78975,12,13,4,0.55
MRCB27,346.5,347,9797.079695,10809.94399,-182.19925,12,13,4,0.17
MRCB27,347,347.5,9797.262665,10810.1623,-182.60875,12,13,4,0.02
MRCB27,347.5,348,9797.445635,10810.38061,-183.01825,12,13,4,0.02
MRCB27,348,348.5,9797.628605,10810.59892,-183.42775,12,13,4,0.22
MRCB27,348.5,349,9797.811575,10810.81723,-183.83725,12,13,4,0.12
MRCB27,349,349.5,9797.994545,10811.03554,-184.24675,12,67,4,0.25
MRCB27,349.5,350,9798.177515,10811.25385,-184.65625,12,67,4,0.27
MRCB27,350,350.5,9798.360485,10811.47216,-185.06575,12,67,4,0.33
MRCB27,350.5,351,9798.543455,10811.69047,-185.47525,12,67,4,0.34
MRCB27,351,351.5,9798.726425,10811.90878,-185.88475,12,67,4,0.22
MRCB27,351.5,352,9798.909395,10812.12709,-186.29425,12,67,4,0.71
MRCB27,352,352.5,9799.092365,10812.3454,-186.70375,2,82,0,0.48
MRCB27,352.5,353,9799.275335,10812.56371,-187.11325,2,82,0,0.41
MRCB27,353,353.5,9799.458305,10812.78202,-187.52275,2,82,0,0.64
MRCB27,353.5,354,9799.641275,10813.00033,-187.93225,2,82,0,0.88
MRCB27,354,354.5,9799.824245,10813.21864,-188.34175,2,82,0,0.69
MRCB27,354.5,355,9800.007215,10813.43695,-188.75125,2,82,0,0.46
MRCB27,355,355.5,9800.190185,10813.65526,-189.16075,9,39,4,0.58
MRCB27,355.5,356,9800.373155,10813.87357,-189.57025,9,39,4,0.55
MRCB27,356,356.5,9800.556125,10814.09188,-189.97975,9,39,4,0.32
MRCB27,356.5,357,9800.739095,10814.31019,-190.38925,9,39,4,0.3
MRCB27,357,357.5,9800.922065,10814.5285,-190.79875,9,39,4,0.2
MRCB27,357.5,358,9801.105035,10814.74681,-191.20825,9,39,4,0.26
MRCB27,358,358.5,9801.288005,10814.96512,-191.61775,12,83,4,0.31
MRCB27,358.5,359,9801.470975,10815.18343,-192.02725,12,83,4,0.73
MRCB27,359,359.5,9801.653945,10815.40174,-192.43675,12,83,4,0.62
MRCB27,359.5,360,9801.836915,10815.62005,-192.84625,12,83,4,0.31
MRCB27,360,360.5,9802.019885,10815.83836,-193.25575,12,83,4,0.12
MRCB27,360.5,361,9802.202855,10816.05667,-193.66525,12,83,4,0.2
MRCB27,361,361.5,9802.385825,10816.27498,-194.07475,16,29,0,0.32
MRCB27,361.5,362,9802.568795,10816.49329,-194.48425,16,29,0,0.13
MRCB27,362,362.5,9802.751765,10816.7116,-194.89375,16,29,0,0.2
MRCB27,362.5,363,9802.934735,10816.92991,-195.30325,16,29,0,0.36
MRCB27,363,363.5,9803.117705,10817.14822,-195.71275,16,29,0,0.6
MRCB27,363.5,364,9803.300675,10817.36653,-196.12225,16,29,0,0.06
MRCB27,364,364.5,9803.483645,10817.58484,-196.53175,2,25,0,0.29
MRCB27,364.5,365,9803.666615,10817.80315,-196.94125,2,25,0,0.76
MRCB27,365,365.5,9803.849585,10818.02146,-197.35075,2,25,0,0.47
MRCB27,365.5,366,9804.032555,10818.23977,-197.76025,2,25,0,1.73
MRCB27,366,366.5,9804.215525,10818.45808,-198.16975,2,25,0,1.8
MRCB27,366.5,367,9804.398495,10818.67639,-198.57925,2,25,0,0.68
MRCB27,367,367.5,9804.581465,10818.8947,-198.98875,9,84,0,0.86
MRCB27,367.5,368,9804.764435,10819.11301,-199.39825,9,84,0,0.52
MRCB27,368,368.5,9804.947405,10819.33132,-199.80775,26,14,0,0.88
MRCB27,368.5,369,9805.130375,10819.54963,-200.21725,26,14,0,0.14
MRCB27,369,369.5,9805.313345,10819.76794,-200.62675,2,13,0,0.68
MRCB27,369.5,370,9805.496315,10819.98625,-201.03625,2,13,0,0.42
MRCB27,370,370.5,9805.679285,10820.20456,-201.44575,2,85,0,0.39
MRCB27,370.5,371,9805.862255,10820.42287,-201.85525,2,85,0,0.25
MRCB27,371,371.5,9806.045225,10820.64118,-202.26475,2,85,0,0.47
MRCB27,371.5,372,9806.228195,10820.85949,-202.67425,2,85,0,0.42
MRCB27,372,372.5,9806.411165,10821.0778,-203.08375,2,85,0,0.34
MRCB27,372.5,373,9806.594135,10821.29611,-203.49325,2,85,0,0.51
MRCB27,373,373.5,9806.777105,10821.51442,-203.90275,2,86,0,0.57
MRCB27,373.5,374,9806.960075,10821.73273,-204.31225,2,86,0,0.57
MRCB27,374,374.5,9807.143045,10821.95104,-204.72175,2,40,0,0.66
MRCB27,374.5,375,9807.326015,10822.16935,-205.13125,2,40,0,0.44
MRCB27,375,375.5,9807.508985,10822.38766,-205.54075,26,40,0,0.58
MRCB27,375.5,376,9807.691955,10822.60597,-205.95025,26,40,0,0.97
MRCB27,376,376.5,9807.874925,10822.82428,-206.35975,9,13,0,0.33
MRCB27,376.5,377,9808.057895,10823.04259,-206.76925,9,13,0,0.24
MRCB27,377,377.5,9808.240865,10823.2609,-207.17875,9,13,0,0.75
MRCB27,377.5,378,9808.423835,10823.47921,-207.58825,9,13,0,0.46
MRCB27,378,378.5,9808.606805,10823.69752,-207.99775,9,13,0,0.33
MRCB27,378.5,379,9808.789775,10823.91583,-208.40725,9,13,0,0.76
MRCB27,379,379.5,9808.972745,10824.13414,-208.81675,9,13,4,0.99
MRCB27,379.5,380,9809.155715,10824.35245,-209.22625,9,13,4,0.34
MRCB27,380,380.5,9809.338685,10824.57076,-209.63575,9,13,4,0.27
MRCB27,380.5,381,9809.521655,10824.78907,-210.04525,9,13,4,0.15
MRCB27,381,381.5,9809.704625,10825.00738,-210.45475,9,13,4,0.31
MRCB27,381.5,382,9809.887595,10825.22569,-210.86425,9,13,4,0.32
MRCB27,382,382.5,9810.070565,10825.444,-211.27375,2,18,5,0.38
MRCB27,382.5,383,9810.253535,10825.66231,-211.68325,2,18,5,0.36
MRCB27,383,383.5,9810.436505,10825.88062,-212.09275,2,18,5,0.14
MRCB27,383.5,384,9810.619475,10826.09893,-212.50225,2,18,5,0.3
MRCB27,384,384.5,9810.802445,10826.31724,-212.91175,2,18,5,0.43
MRCB27,384.5,385,9810.985415,10826.53555,-213.32125,9,14,0,0.47
MRCB27,385,385.5,9811.168385,10826.75386,-213.73075,9,16,0,0.34
MRCB27,385.5,386,9811.351355,10826.97217,-214.14025,9,16,0,0.14
MRCB27,386,386.5,9811.534325,10827.19048,-214.54975,9,16,0,0.5
MRCB27,386.5,387,9811.717295,10827.40879,-214.95925,9,16,0,0.51
MRCB27,387,387.5,9811.900265,10827.6271,-215.36875,9,16,0,0.72
MRCB27,387.5,388,9812.083235,10827.84541,-215.77825,9,16,0,1.19
MRCB27,388,388.5,9812.266205,10828.06372,-216.18775,9,27,0,0.35
MRCB27,388.5,389,9812.449175,10828.28203,-216.59725,9,27,0,1.49
MRCB27,389,389.5,9812.632145,10828.50034,-217.00675,9,27,0,1.58
MRCB27,389.5,390,9812.815115,10828.71865,-217.41625,9,27,0,0.22
MRCB27,390,390.5,9812.998085,10828.93696,-217.82575,9,27,0,0.25
MRCB27,390.5,391,9813.181055,10829.15527,-218.23525,9,27,0,0.56
MRCB27,391,391.5,9813.364025,10829.37358,-218.64475,9,70,0,0.56
MRCB27,391.5,392,9813.546995,10829.59189,-219.05425,9,70,0,0.47
MRCB27,392,392.5,9813.729965,10829.8102,-219.46375,9,70,0,0.33
MRCB27,392.5,393,9813.912935,10830.02851,-219.87325,9,70,0,0.55
MRCB27,393,393.5,9814.095905,10830.24682,-220.28275,9,70,0,0.29
MRCB27,393.5,394,9814.278875,10830.46513,-220.69225,9,70,0,0.32
MRCB27,394,394.5,9814.461845,10830.68344,-221.10175,9,87,0,0.14
MRCB27,394.5,395,9814.644815,10830.90175,-221.51125,9,87,0,1.1
MRCB27,395,395.5,9814.827785,10831.12006,-221.92075,9,87,0,1.95
MRCB27,395.5,396,9815.010755,10831.33837,-222.33025,9,87,0,1.52
MRCB27,396,396.5,9815.193725,10831.55668,-222.73975,9,87,0,0.4
MRCB27,396.5,397,9815.376695,10831.77499,-223.14925,9,87,0,0.29
MRCB27,397,397.5,9815.559665,10831.9933,-223.55875,2,87,0,0.3
MRCB27,397.5,398,9815.742635,10832.21161,-223.96825,2,87,0,1.1
MRCB27,398,398.5,9815.925605,10832.42992,-224.37775,2,87,0,0.53
MRCB27,398.5,399,9816.108575,10832.64823,-224.78725,2,87,0,0.01
MRCB27,399,399.5,9816.291545,10832.86654,-225.19675,2,87,0,0.01
MRCB27,399.5,400,9816.474515,10833.08485,-225.60625,2,87,0,0.01
MRCB27,400,400.5,9816.657485,10833.30316,-226.01575,12,18,0,0.01
MRCB27,400.5,401,9816.840455,10833.52147,-226.42525,12,18,0,0.07
MRCB27,401,401.5,9817.023425,10833.73978,-226.83475,12,18,0,0.04
MRCB27,401.5,402,9817.206395,10833.95809,-227.24425,12,18,0,0.4
MRCB27,402,402.5,9817.389365,10834.1764,-227.65375,12,18,0,0.09
MRCB27,402.5,403,9817.572335,10834.39471,-228.06325,12,18,0,0.01
MRCB27,403,403.5,9817.755305,10834.61302,-228.47275,18,14,0,0.01
MRCB27,403.5,404,9817.938275,10834.83133,-228.88225,18,14,0,0.01
MRCB27,404,404.5,9818.121245,10835.04964,-229.29175,18,14,0,0.01
MRCB27,404.5,405,9818.304215,10835.26795,-229.70125,19,17,0,0.01
MRCB27,405.5,406,9818.670155,10835.70457,-230.52025,19,17,0,0.19
MRCB27,406,406.5,9818.853125,10835.92288,-230.92975,18,14,0,0.19
MRCB27,406.5,407,9819.036095,10836.14119,-231.33925,18,14,0,0.01
MRCB27,414,414.5,9821.780645,10839.41584,-237.48175,9,14,0,0.01
MRCB27,414.5,415,9821.963615,10839.63415,-237.89125,9,14,0,0.01
MRCB27,415,415.5,9822.146585,10839.85246,-238.30075,9,2,0,0.19
MRCB27,415.5,416,9822.329555,10840.07077,-238.71025,9,2,0,0.13
MRCB27,416,416.5,9822.512525,10840.28908,-239.11975,9,2,0,0.01
MRCB27,416.5,417,9822.695495,10840.50739,-239.52925,9,2,0,0.01
MRCB27,420,420.5,9823.976285,10842.03556,-242.39575,9,14,0,0.01
MRCB27,420.5,421,9824.159255,10842.25387,-242.80525,9,14,0,0.01
MRCB27,421,421.5,9824.342225,10842.47218,-243.21475,9,72,0,1.39
MRCB27,421.5,422,9824.525195,10842.69049,-243.62425,9,72,0,0.01
MRCB27,422,422.5,9824.708165,10842.9088,-244.03375,9,72,0,0.01
MRCB27,422.5,423,9824.891135,10843.12711,-244.44325,9,72,0,0.45
MRCB27,423,423.5,9825.074105,10843.34542,-244.85275,9,72,0,0.55
MRCB27,423.5,424,9825.257075,10843.56373,-245.26225,9,72,0,0.14
MRCB27,424,424.5,9825.440045,10843.78204,-245.67175,9,14,0,0.04
MRCB27,424.5,425,9825.623015,10844.00035,-246.08125,9,14,0,0.54
MRCB27,425,425.5,9825.805985,10844.21866,-246.49075,9,14,0,2.13
MRCB27,425.5,426,9825.988955,10844.43697,-246.90025,9,14,0,0.55
MRCB27,426,426.5,9826.171925,10844.65528,-247.30975,9,14,0,0.01
MRCB27,426.5,427,9826.354895,10844.87359,-247.71925,9,14,0,0.01
MRCB27,427,427.5,9826.537865,10845.0919,-248.12875,9,15,0,0.03
MRCB27,427.5,428,9826.720835,10845.31021,-248.53825,9,15,0,0.01
MRCB27,428,428.5,9826.903805,10845.52852,-248.94775,9,15,0,0.01
MRCB27,432,432.5,9828.367565,10847.275,-252.22375,9,14,0,0.04
MRCB27,432.5,433,9828.550535,10847.49331,-252.63325,9,14,0,0.04
MRCB27,433,433.5,9828.733505,10847.71162,-253.04275,2,32,0,0.15
MRCB27,433.5,434,9828.916475,10847.92993,-253.45225,2,32,0,0.07
MRCB27,434,434.5,9829.099445,10848.14824,-253.86175,2,32,0,0.01
MRCB27,434.5,435,9829.282415,10848.36655,-254.27125,2,32,0,0.6
MRCB27,435,435.5,9829.465385,10848.58486,-254.68075,2,32,0,0.05
MRCB27,435.5,436,9829.648355,10848.80317,-255.09025,2,32,0,0.05
MRCB27,436,436.5,9829.831325,10849.02148,-255.49975,9,18,0,0.02
MRCB27,436.5,437,9830.014295,10849.23979,-255.90925,9,18,0,0.07
MRCB27,437,437.5,9830.197265,10849.4581,-256.31875,9,14,23,0.27
MRCB27,437.5,438,9830.380235,10849.67641,-256.72825,9,14,23,0.28
MRCB27,438,438.5,9830.563205,10849.89472,-257.13775,9,14,23,0.36
MRCB27,438.5,439,9830.746175,10850.11303,-257.54725,9,14,23,0.12
MRCB27,439,439.5,9830.929145,10850.33134,-257.95675,9,14,23,0.16
MRCB27,439.5,440,9831.112115,10850.54965,-258.36625,9,14,23,0.46
MRCB27,440,440.5,9831.295085,10850.76796,-258.77575,9,40,23,0.52
MRCB27,440.5,441,9831.478055,10850.98627,-259.18525,9,40,23,0.07
MRCB27,441,441.5,9831.661025,10851.20458,-259.59475,9,40,23,0.13
MRCB27,441.5,442,9831.843995,10851.42289,-260.00425,9,40,23,0.3
MRCB27,442,442.5,9832.026965,10851.6412,-260.41375,9,40,0,0.61
MRCB27,442.5,443,9832.209935,10851.85951,-260.82325,9,40,0,0.41
MRCB27,443,443.5,9832.392905,10852.07782,-261.23275,9,40,23,0.01
MRCB27,443.5,444,9832.575875,10852.29613,-261.64225,10,14,23,0.15
MRCB27,444,444.5,9832.758845,10852.51444,-262.05175,10,14,23,0.01
MRCB27,444.5,445,9832.941815,10852.73275,-262.46125,10,14,23,0.01
MRCB27,445,445.5,9833.124785,10852.95106,-262.87075,10,14,23,0.01
MRCB27,445.5,446,9833.307755,10853.16937,-263.28025,10,14,23,0.01
MRCB28,396.5,397,10501.88775,10609.83425,-228.8955,9,14,0,0.01
MRCB28,397,397.5,10502.04825,10610.02575,-229.3285,9,29,0,0.01
MRCB28,397.5,398,10502.20875,10610.21725,-229.7615,9,29,0,0.01
MRCB28,398,398.5,10502.36925,10610.40875,-230.1945,9,29,0,0.01
MRCB28,398.5,399,10502.52975,10610.60025,-230.6275,9,29,0,0.01
MRCB28,399,399.5,10502.69025,10610.79175,-231.0605,9,29,0,0.01
MRCB28,399.5,400,10502.85075,10610.98325,-231.4935,9,29,0,0.01
MRCB28,400,400.5,10503.01125,10611.17475,-231.9265,9,29,0,0.01
MRCB28,400.5,401,10503.17175,10611.36625,-232.3595,9,29,0,0.01
MRCB28,401,401.5,10503.33225,10611.55775,-232.7925,9,29,0,0.01
MRCB28,401.5,402,10503.49275,10611.74925,-233.2255,9,29,0,0.01
MRCB28,430,430.5,10512.64125,10622.66475,-257.9065,21,16,4,0.01
MRCB28,430.5,431,10512.80175,10622.85625,-258.3395,21,16,4,0.01
MRCB28,431,431.5,10512.96225,10623.04775,-258.7725,21,16,4,0.3
MRCB28,431.5,432,10513.12275,10623.23925,-259.2055,21,16,4,0.01
MRCB28,432,432.5,10513.28325,10623.43075,-259.6385,21,16,4,0.01
MRCB28,432.5,433,10513.44375,10623.62225,-260.0715,21,16,4,0.01
MRCB28,433,433.5,10513.60425,10623.81375,-260.5045,1,29,4,0.02
MRCB28,433.5,434,10513.76475,10624.00525,-260.9375,1,29,4,0.01
MRCB28,434,434.5,10513.92525,10624.19675,-261.3705,1,29,4,0.01
MRCB28,434.5,435,10514.08575,10624.38825,-261.8035,1,29,4,0.01
MRCB28,435,435.5,10514.24625,10624.57975,-262.2365,1,29,4,0.01
MRCB28,435.5,436,10514.40675,10624.77125,-262.6695,1,29,4,0.03
MRCB28,436,436.5,10514.56725,10624.96275,-263.1025,1,13,4,0.03
MRCB28,436.5,437,10514.72775,10625.15425,-263.5355,1,13,4,0.01
MRCB28,437,437.5,10514.88825,10625.34575,-263.9685,1,13,4,0.01
MRCB28,437.5,438,10515.04875,10625.53725,-264.4015,1,13,4,0.45
MRCB28,438,438.5,10515.20925,10625.72875,-264.8345,1,13,4,0.05
MRCB28,438.5,439,10515.36975,10625.92025,-265.2675,1,13,4,0.48
MRCB28,439,439.5,10515.53025,10626.11175,-265.7005,1,20,4,0.18
MRCB28,439.5,440,10515.69075,10626.30325,-266.1335,1,20,4,0.08
MRCB28,440,440.5,10515.85125,10626.49475,-266.5665,1,20,4,0.2
MRCB28,440.5,441,10516.01175,10626.68625,-266.9995,1,20,4,0.2
MRCB28,441,441.5,10516.17225,10626.87775,-267.4325,1,20,4,0.12
MRCB28,441.5,442,10516.33275,10627.06925,-267.8655,1,20,4,0.04
MRCB28,442,442.5,10516.49325,10627.26075,-268.2985,1,20,4,0.55
MRCB28,442.5,443,10516.65375,10627.45225,-268.7315,1,20,4,0.76
MRCB28,443,443.5,10516.81425,10627.64375,-269.1645,1,20,4,0.17
MRCB28,443.5,444,10516.97475,10627.83525,-269.5975,1,20,4,0.08
MRCB28,444,444.5,10517.13525,10628.02675,-270.0305,1,20,4,0.01
MRCB28,444.5,445,10517.29575,10628.21825,-270.4635,1,20,4,0.01
MRCB28,445,445.5,10517.45625,10628.40975,-270.8965,1,20,4,0.01
MRCB28,445.5,446,10517.61675,10628.60125,-271.3295,1,20,4,0.07
MRCB28,446,446.5,10517.77725,10628.79275,-271.7625,1,20,4,0.01
MRCB28,446.5,447,10517.93775,10628.98425,-272.1955,1,20,4,0.01
MRCB28,447,447.5,10518.09825,10629.17575,-272.6285,1,20,4,0.01
MRCB28,452.5,453,10519.86375,10631.28225,-277.3915,1,14,4,0.01
MRCB28,453,453.5,10520.02425,10631.47375,-277.8245,1,14,4,0.01
MRCB28,453.5,454,10520.18475,10631.66525,-278.2575,1,14,4,0.04
MRCB28,454,454.5,10520.34525,10631.85675,-278.6905,1,60,4,0.15
MRCB28,454.5,455,10520.50575,10632.04825,-279.1235,1,60,4,0.01
MRCB28,455,455.5,10520.66625,10632.23975,-279.5565,1,60,4,0.06
MRCB28,455.5,456,10520.82675,10632.43125,-279.9895,1,60,4,0.06
MRCB28,463,463.5,10523.23425,10635.30375,-286.4845,1,16,4,0.01
MRCB28,463.5,464,10523.39475,10635.49525,-286.9175,1,16,4,0.01
MRCB28,464,464.5,10523.55525,10635.68675,-287.3505,1,16,4,0.14
MRCB28,464.5,465,10523.71575,10635.87825,-287.7835,1,16,4,0.06
MRCB28,465,465.5,10523.87625,10636.06975,-288.2165,1,16,4,0.25
MRCB28,465.5,466,10524.03675,10636.26125,-288.6495,1,16,4,0.09
MRCB28,466,466.5,10524.19725,10636.45275,-289.0825,1,20,0,0.12
MRCB28,466.5,467,10524.35775,10636.64425,-289.5155,1,20,0,0.06
MRCB28,467,467.5,10524.51825,10636.83575,-289.9485,1,20,0,0.04
MRCB28,467.5,468,10524.67875,10637.02725,-290.3815,1,20,0,0.01
MRCB28,468,468.5,10524.83925,10637.21875,-290.8145,1,20,0,0.01
MRCB28,468.5,469,10524.99975,10637.41025,-291.2475,1,20,0,0.01
MRCB28,469,469.5,10525.16025,10637.60175,-291.6805,1,20,4,0.05
MRCB28,469.5,470,10525.32075,10637.79325,-292.1135,1,20,4,0.01
MRCB28,470,470.5,10525.48125,10637.98475,-292.5465,1,20,4,0.04
MRCB28,470.5,471,10525.64175,10638.17625,-292.9795,1,20,4,0.02
MRCB28,471,471.5,10525.80225,10638.36775,-293.4125,1,20,4,0.08
MRCB28,471.5,472,10525.96275,10638.55925,-293.8455,1,20,4,0.1
MRCB28,472,472.5,10526.12325,10638.75075,-294.2785,1,16,4,0.18
MRCB28,472.5,473,10526.28375,10638.94225,-294.7115,1,16,4,0.07
MRCB28,473,473.5,10526.44425,10639.13375,-295.1445,1,16,4,0.06
MRCB28,473.5,474,10526.60475,10639.32525,-295.5775,1,16,4,0.04
MRCB28,474,474.5,10526.76525,10639.51675,-296.0105,1,16,4,0.01
MRCB28,474.5,475,10526.92575,10639.70825,-296.4435,1,16,4,0.04
MRCB28,475,475.5,10527.08625,10639.89975,-296.8765,21,20,4,0.11
MRCB28,475.5,476,10527.24675,10640.09125,-297.3095,21,20,4,0.1
MRCB28,476,476.5,10527.40725,10640.28275,-297.7425,21,20,4,0.01
MRCB28,476.5,477,10527.56775,10640.47425,-298.1755,21,20,4,0.04
MRCB28,477,477.5,10527.72825,10640.66575,-298.6085,21,20,4,0.22
MRCB28,477.5,478,10527.88875,10640.85725,-299.0415,21,20,4,0.24
MRCB28,478,478.5,10528.04925,10641.04875,-299.4745,21,20,4,0.49
MRCB28,478.5,479,10528.20975,10641.24025,-299.9075,21,20,4,0.01
MRCB28,479,479.5,10528.37025,10641.43175,-300.3405,21,20,4,0.01
MRCB28,484,484.5,10529.97525,10643.34675,-304.6705,21,13,4,0.01
MRCB28,484.5,485,10530.13575,10643.53825,-305.1035,21,13,4,0.01
MRCB28,485,485.5,10530.29625,10643.72975,-305.5365,21,13,4,0.02
MRCB28,485.5,486,10530.45675,10643.92125,-305.9695,21,13,4,1.9
MRCB28,486,486.5,10530.61725,10644.11275,-306.4025,21,13,4,4.2
MRCB28,486.5,487,10530.77775,10644.30425,-306.8355,21,13,4,0.3
MRCB28,487,487.5,10530.93825,10644.49575,-307.2685,21,20,4,0.64
MRCB28,487.5,488,10531.09875,10644.68725,-307.7015,21,20,4,0.2
MRCB28,488,488.5,10531.25925,10644.87875,-308.1345,21,20,4,0.04
MRCB28,488.5,489,10531.41975,10645.07025,-308.5675,21,20,4,0.04
MRCB28,489,489.5,10531.58025,10645.26175,-309.0005,21,20,4,0.01
MRCB28,489.5,490,10531.74075,10645.45325,-309.4335,21,20,4,0.01
MRCB28,490,490.5,10531.90125,10645.64475,-309.8665,21,60,4,0.03
MRCB28,490.5,491,10532.06175,10645.83625,-310.2995,21,60,4,0.27
MRCB28,491,491.5,10532.22225,10646.02775,-310.7325,21,60,4,0.31
MRCB28,491.5,492,10532.38275,10646.21925,-311.1655,21,60,4,0.11
MRCB28,492,492.5,10532.54325,10646.41075,-311.5985,21,60,4,0.09
MRCB28,492.5,493,10532.70375,10646.60225,-312.0315,21,60,4,0.03
MRCB28,493,493.5,10532.86425,10646.79375,-312.4645,21,20,4,0.06
MRCB28,493.5,494,10533.02475,10646.98525,-312.8975,21,20,4,0.01
MRCB28,494,494.5,10533.18525,10647.17675,-313.3305,21,20,4,0.01
MRCB28,494.5,495,10533.34575,10647.36825,-313.7635,21,20,4,0.01
MRCB28,495,495.5,10533.50625,10647.55975,-314.1965,21,20,4,0.01
MRCB28,495.5,496,10533.66675,10647.75125,-314.6295,21,20,4,0.25
MRCB28,496,496.5,10533.82725,10647.94275,-315.0625,21,16,4,0.03
MRCB28,496.5,497,10533.98775,10648.13425,-315.4955,21,16,4,0.04
MRCB28,497,497.5,10534.14825,10648.32575,-315.9285,21,16,4,0.07
MRCB28,497.5,498,10534.30875,10648.51725,-316.3615,21,16,4,0.1
MRCB28,498,498.5,10534.46925,10648.70875,-316.7945,21,16,4,0.1
MRCB28,498.5,499,10534.62975,10648.90025,-317.2275,21,16,4,0.03
MRCB28,499,499.5,10534.79025,10649.09175,-317.6605,21,19,4,0.19
MRCB28,499.5,500,10534.95075,10649.28325,-318.0935,21,19,4,0.23
MRCB28,500,500.5,10535.11125,10649.47475,-318.5265,21,19,4,0.11
MRCB28,500.5,501,10535.27175,10649.66625,-318.9595,21,19,4,0.37
MRCB28,501,501.5,10535.43225,10649.85775,-319.3925,21,19,4,1.59
MRCB28,501.5,502,10535.59275,10650.04925,-319.8255,21,19,4,0.14
MRCB28,502,502.5,10535.75325,10650.24075,-320.2585,21,16,4,0.17
MRCB28,502.5,503,10535.91375,10650.43225,-320.6915,21,16,4,0.04
MRCB28,503,503.5,10536.07425,10650.62375,-321.1245,21,16,4,0.02
MRCB28,503.5,504,10536.23475,10650.81525,-321.5575,21,16,4,0.08
MRCB28,504,504.5,10536.39525,10651.00675,-321.9905,21,16,4,0.06
MRCB28,504.5,505,10536.55575,10651.19825,-322.4235,21,16,4,0.36
MRCB28,505,505.5,10536.71625,10651.38975,-322.8565,21,19,4,0.14
MRCB28,505.5,506,10536.87675,10651.58125,-323.2895,21,19,4,0.07
MRCB28,506,506.5,10537.03725,10651.77275,-323.7225,21,19,4,0.06
MRCB28,506.5,507,10537.19775,10651.96425,-324.1555,21,19,4,0.37
MRCB28,507,507.5,10537.35825,10652.15575,-324.5885,21,19,4,0.21
MRCB28,507.5,508,10537.51875,10652.34725,-325.0215,21,19,4,0.22
MRCB28,508,508.5,10537.67925,10652.53875,-325.4545,2,20,0,0.31
MRCB28,508.5,509,10537.83975,10652.73025,-325.8875,2,20,0,0.29
MRCB28,509,509.5,10538.00025,10652.92175,-326.3205,2,20,0,0.42
MRCB28,509.5,510,10538.16075,10653.11325,-326.7535,2,20,0,0.51
MRCB28,510,510.5,10538.32125,10653.30475,-327.1865,2,20,0,0.42
MRCB28,510.5,511,10538.48175,10653.49625,-327.6195,2,20,0,0.39
MRCB28,511,511.5,10538.64225,10653.68775,-328.0525,2,88,0,0.52
MRCB28,511.5,512,10538.80275,10653.87925,-328.4855,2,88,0,0.67
MRCB28,512,512.5,10538.96325,10654.07075,-328.9185,2,88,0,0.84
MRCB28,512.5,513,10539.12375,10654.26225,-329.3515,2,88,0,0.81
MRCB28,513,513.5,10539.28425,10654.45375,-329.7845,2,88,0,0.97
MRCB28,513.5,514,10539.44475,10654.64525,-330.2175,2,88,0,0.69
MRCB28,514,514.5,10539.60525,10654.83675,-330.6505,2,13,0,0.88
MRCB28,514.5,515,10539.76575,10655.02825,-331.0835,2,13,0,1.09
MRCB28,515,515.5,10539.92625,10655.21975,-331.5165,2,13,0,0.88
MRCB28,515.5,516,10540.08675,10655.41125,-331.9495,2,13,0,0.85
MRCB28,516,516.5,10540.24725,10655.60275,-332.3825,2,13,0,0.78
MRCB28,516.5,517,10540.40775,10655.79425,-332.8155,2,13,0,0.57
MRCB28,517,517.5,10540.56825,10655.98575,-333.2485,2,13,0,1.36
MRCB28,517.5,518,10540.72875,10656.17725,-333.6815,2,88,0,1.85
MRCB28,518,518.5,10540.88925,10656.36875,-334.1145,2,88,0,1.23
MRCB28,518.5,519,10541.04975,10656.56025,-334.5475,2,88,0,1.94
MRCB28,519,519.5,10541.21025,10656.75175,-334.9805,2,88,0,1.01
MRCB28,519.5,520,10541.37075,10656.94325,-335.4135,2,88,0,0.49
MRCB28,520,520.5,10541.53125,10657.13475,-335.8465,2,88,0,0.64
MRCB28,520.5,521,10541.69175,10657.32625,-336.2795,2,88,0,0.54
MRCB28,521,521.5,10541.85225,10657.51775,-336.7125,2,88,0,1.37
MRCB28,521.5,522,10542.01275,10657.70925,-337.1455,2,88,0,0.67
MRCB28,522,522.5,10542.17325,10657.90075,-337.5785,2,88,0,2.21
MRCB28,522.5,523,10542.33375,10658.09225,-338.0115,2,88,0,1.21
MRCB28,523,523.5,10542.49425,10658.28375,-338.4445,2,20,0,1.1
MRCB28,523.5,524,10542.65475,10658.47525,-338.8775,2,20,0,1.17
MRCB28,524,524.5,10542.81525,10658.66675,-339.3105,2,20,0,1.33
MRCB28,524.5,525,10542.97575,10658.85825,-339.7435,2,20,0,1.5
MRCB28,525,525.5,10543.13625,10659.04975,-340.1765,2,20,0,1.21
MRCB28,525.5,526,10543.29675,10659.24125,-340.6095,2,20,0,0.65
MRCB28,526,526.5,10543.45725,10659.43275,-341.0425,2,20,4,1.05
MRCB28,526.5,527,10543.61775,10659.62425,-341.4755,2,20,4,0.52
MRCB28,527,527.5,10543.77825,10659.81575,-341.9085,2,20,4,0.35
MRCB28,527.5,528,10543.93875,10660.00725,-342.3415,2,20,4,0.46
MRCB28,528,528.5,10544.09925,10660.19875,-342.7745,2,20,4,0.62
MRCB28,528.5,529,10544.25975,10660.39025,-343.2075,2,20,4,0.38
MRCB28,529,529.5,10544.42025,10660.58175,-343.6405,2,88,4,0.28
MRCB28,529.5,530,10544.58075,10660.77325,-344.0735,2,88,4,0.44
MRCB28,530,530.5,10544.74125,10660.96475,-344.5065,2,88,4,0.73
MRCB28,530.5,531,10544.90175,10661.15625,-344.9395,2,88,4,1.15
MRCB28,531,531.5,10545.06225,10661.34775,-345.3725,2,88,4,1.24
MRCB28,531.5,532,10545.22275,10661.53925,-345.8055,2,88,4,2
MRCB28,532,532.5,10545.38325,10661.73075,-346.2385,2,88,4,2.04
MRCB28,532.5,533,10545.54375,10661.92225,-346.6715,2,88,4,0.78
MRCB28,533,533.5,10545.70425,10662.11375,-347.1045,2,88,4,0.2
MRCB28,533.5,534,10545.86475,10662.30525,-347.5375,2,88,4,0.38
MRCB28,534,534.5,10546.02525,10662.49675,-347.9705,2,88,4,1.51
MRCB28,534.5,535,10546.18575,10662.68825,-348.4035,2,88,4,0.89
MRCB28,535,535.5,10546.34625,10662.87975,-348.8365,2,20,4,0.85
MRCB28,535.5,536,10546.50675,10663.07125,-349.2695,2,20,4,0.44
MRCB28,536,536.5,10546.66725,10663.26275,-349.7025,2,20,4,0.81
MRCB28,536.5,537,10546.82775,10663.45425,-350.1355,2,20,4,0.4
MRCB28,537,537.5,10546.98825,10663.64575,-350.5685,2,20,4,0.63
MRCB28,537.5,538,10547.14875,10663.83725,-351.0015,2,20,4,0.76
MRCB28,538,538.5,10547.30925,10664.02875,-351.4345,2,60,4,0.64
MRCB28,538.5,539,10547.46975,10664.22025,-351.8675,2,60,4,0.69
MRCB28,539,539.5,10547.63025,10664.41175,-352.3005,2,60,4,1.45
MRCB28,539.5,540,10547.79075,10664.60325,-352.7335,2,60,4,1.17
MRCB28,540,540.5,10547.95125,10664.79475,-353.1665,2,60,4,0.69
MRCB28,540.5,541,10548.11175,10664.98625,-353.5995,2,60,4,0.81
MRCB28,541,541.5,10548.27225,10665.17775,-354.0325,2,60,4,0.77
MRCB28,541.5,542,10548.43275,10665.36925,-354.4655,2,60,4,0.6
MRCB28,542,542.5,10548.59325,10665.56075,-354.8985,2,60,4,0.59
MRCB28,542.5,543,10548.75375,10665.75225,-355.3315,2,60,4,0.07
MRCB28,543,543.5,10548.91425,10665.94375,-355.7645,2,60,4,0.13
MRCB28,543.5,544,10549.07475,10666.13525,-356.1975,2,60,4,0.09
MRCB28,544,544.5,10549.23525,10666.32675,-356.6305,2,13,4,0.01
MRCB28,544.5,545,10549.39575,10666.51825,-357.0635,2,13,4,0.06
MRCB28,545,545.5,10549.55625,10666.70975,-357.4965,2,13,4,0.29
MRCB28,545.5,546,10549.71675,10666.90125,-357.9295,2,13,4,0.11
MRCB28,546,546.5,10549.87725,10667.09275,-358.3625,2,13,4,0.29
MRCB28,546.5,547,10550.03775,10667.28425,-358.7955,2,13,4,0.27
MRCB28,547,547.5,10550.19825,10667.47575,-359.2285,2,16,4,0.01
MRCB28,547.5,548,10550.35875,10667.66725,-359.6615,2,16,4,0.01
MRCB28,548,548.5,10550.51925,10667.85875,-360.0945,1,13,4,0.13
MRCB28,548.5,549,10550.67975,10668.05025,-360.5275,1,13,4,0.23
MRCB28,549,549.5,10550.84025,10668.24175,-360.9605,1,13,4,0.02
MRCB28,549.5,550,10551.00075,10668.43325,-361.3935,1,13,4,0.18
MRCB28,550,550.5,10551.16125,10668.62475,-361.8265,1,20,4,0.06
MRCB28,550.5,551,10551.32175,10668.81625,-362.2595,1,20,4,0.01
MRCB28,551,551.5,10551.48225,10669.00775,-362.6925,1,20,4,0.07
MRCB28,551.5,552,10551.64275,10669.19925,-363.1255,1,20,4,0.09
MRCB28,552,552.5,10551.80325,10669.39075,-363.5585,1,20,4,0.19
MRCB28,552.5,553,10551.96375,10669.58225,-363.9915,1,20,4,0.05
MRCB28,553,553.5,10552.12425,10669.77375,-364.4245,1,20,4,0.16
MRCB28,553.5,554,10552.28475,10669.96525,-364.8575,1,20,4,0.09
MRCB28,554,554.5,10552.44525,10670.15675,-365.2905,1,20,4,0.51
MRCB28,554.5,555,10552.60575,10670.34825,-365.7235,1,20,4,0.63
MRCB28,555,555.5,10552.76625,10670.53975,-366.1565,1,20,4,1.86
MRCB28,555.5,556,10552.92675,10670.73125,-366.5895,1,20,4,0.39
MRCB28,556,556.5,10553.08725,10670.92275,-367.0225,1,20,4,0.02
MRCB28,556.5,557,10553.24775,10671.11425,-367.4555,1,20,4,0.19
MRCB28,557,557.5,10553.40825,10671.30575,-367.8885,1,20,4,0.01
MRCB28,557.5,558,10553.56875,10671.49725,-368.3215,1,20,4,0.16
MRCB28,558,558.5,10553.72925,10671.68875,-368.7545,1,20,4,0.09
MRCB28,558.5,559,10553.88975,10671.88025,-369.1875,1,20,4,0.09
MRCB28,559,559.5,10554.05025,10672.07175,-369.6205,1,13,4,0.19
MRCB28,559.5,560,10554.21075,10672.26325,-370.0535,1,13,4,0.54
MRCB28,560,560.5,10554.37125,10672.45475,-370.4865,1,13,4,0.01
MRCB28,560.5,561,10554.53175,10672.64625,-370.9195,1,13,4,0.03
MRCB28,561,561.5,10554.69225,10672.83775,-371.3525,1,13,4,0.55
MRCB28,561.5,562,10554.85275,10673.02925,-371.7855,1,13,4,0.08
MRCB28,562,562.5,10555.01325,10673.22075,-372.2185,1,13,4,0.04
MRCB28,562.5,563,10555.17375,10673.41225,-372.6515,1,13,4,0.09
MRCB28,563,563.5,10555.33425,10673.60375,-373.0845,1,13,4,0.24
MRCB28,563.5,564,10555.49475,10673.79525,-373.5175,1,13,4,0.85
MRCB28,564,564.5,10555.65525,10673.98675,-373.9505,1,13,4,0.28
MRCB28,564.5,565,10555.81575,10674.17825,-374.3835,1,13,4,0.56
MRCB28,565,565.5,10555.97625,10674.36975,-374.8165,1,20,4,0.47
MRCB28,565.5,566,10556.13675,10674.56125,-375.2495,1,20,4,0.1
MRCB28,566,566.5,10556.29725,10674.75275,-375.6825,1,20,4,0.23
MRCB28,566.5,567,10556.45775,10674.94425,-376.1155,1,20,4,0.18
MRCB28,567,567.5,10556.61825,10675.13575,-376.5485,1,20,4,0.07
MRCB28,567.5,568,10556.77875,10675.32725,-376.9815,1,20,4,0.02
MRCB28,568,568.5,10556.93925,10675.51875,-377.4145,1,14,0,0.01
MRCB28,568.5,569,10557.09975,10675.71025,-377.8475,1,14,0,0.01
MRCB28,569,569.5,10557.26025,10675.90175,-378.2805,1,14,0,0.01
MRCB28,569.5,570,10557.42075,10676.09325,-378.7135,1,14,0,0.01
MRCB28,570,570.5,10557.58125,10676.28475,-379.1465,1,14,0,0.01
MRCB28,570.5,571,10557.74175,10676.47625,-379.5795,1,14,0,0.01
MRCB28,571,571.5,10557.90225,10676.66775,-380.0125,1,20,4,0.02
MRCB28,571.5,572,10558.06275,10676.85925,-380.4455,1,20,4,0.02
MRCB28,572,572.5,10558.22325,10677.05075,-380.8785,1,20,4,0.09
MRCB28,572.5,573,10558.38375,10677.24225,-381.3115,1,20,4,0.52
MRCB28,573,573.5,10558.54425,10677.43375,-381.7445,1,20,4,0.24
MRCB28,573.5,574,10558.70475,10677.62525,-382.1775,1,20,4,0.1
MRCB28,574,574.5,10558.86525,10677.81675,-382.6105,2,20,4,0.53
MRCB28,574.5,575,10559.02575,10678.00825,-383.0435,2,20,4,0.31
MRCB28,575,575.5,10559.18625,10678.19975,-383.4765,2,20,4,0.47
MRCB28,575.5,576,10559.34675,10678.39125,-383.9095,2,60,0,0.92
MRCB28,576,576.5,10559.50725,10678.58275,-384.3425,2,60,0,0.2
MRCB28,576.5,577,10559.66775,10678.77425,-384.7755,2,14,0,0.09
MRCB28,577,577.5,10559.82825,10678.96575,-385.2085,2,89,0,0.17
MRCB28,577.5,578,10559.98875,10679.15725,-385.6415,2,89,0,0.45
MRCB28,578,578.5,10560.14925,10679.34875,-386.0745,2,89,0,0.35
MRCB28,578.5,579,10560.30975,10679.54025,-386.5075,2,89,0,0.2
MRCB28,579,579.5,10560.47025,10679.73175,-386.9405,2,89,0,0.34
MRCB28,579.5,580,10560.63075,10679.92325,-387.3735,2,89,0,0.31
MRCB28,580,580.5,10560.79125,10680.11475,-387.8065,2,20,0,0.44
MRCB28,580.5,581,10560.95175,10680.30625,-388.2395,2,20,0,0.41
MRCB28,581,581.5,10561.11225,10680.49775,-388.6725,2,20,0,0.29
MRCB28,581.5,582,10561.27275,10680.68925,-389.1055,2,20,0,0.42
MRCB28,582,582.5,10561.43325,10680.88075,-389.5385,2,20,0,0.43
MRCB28,582.5,583,10561.59375,10681.07225,-389.9715,2,20,0,0.73
MRCB28,583,583.5,10561.75425,10681.26375,-390.4045,2,60,4,0.67
MRCB28,583.5,584,10561.91475,10681.45525,-390.8375,2,60,4,0.94
MRCB28,584,584.5,10562.07525,10681.64675,-391.2705,2,60,4,0.91
MRCB28,584.5,585,10562.23575,10681.83825,-391.7035,2,60,4,0.51
MRCB28,585,585.5,10562.39625,10682.02975,-392.1365,2,60,4,0.03
MRCB28,585.5,586,10562.55675,10682.22125,-392.5695,2,60,4,0.03
MRCB28,586,586.5,10562.71725,10682.41275,-393.0025,2,20,4,0.03
MRCB28,586.5,587,10562.87775,10682.60425,-393.4355,2,20,4,0.16
MRCB28,587,587.5,10563.03825,10682.79575,-393.8685,2,20,4,0.05
MRCB28,587.5,588,10563.19875,10682.98725,-394.3015,2,20,4,0.01
MRCB28,588,588.5,10563.35925,10683.17875,-394.7345,2,20,4,0.01
MRCB28,594,594.5,10565.28525,10685.47675,-399.9305,2,20,4,0.01
MRCB28,594.5,595,10565.44575,10685.66825,-400.3635,2,20,4,0.01
MRCB28,595,595.5,10565.60625,10685.85975,-400.7965,1,20,4,0.11
MRCB28,595.5,596,10565.76675,10686.05125,-401.2295,1,20,4,1.21
MRCB28,596,596.5,10565.92725,10686.24275,-401.6625,1,20,4,0.01
MRCB28,596.5,597,10566.08775,10686.43425,-402.0955,1,20,4,0.16
MRCB28,597,597.5,10566.24825,10686.62575,-402.5285,1,20,4,0.01
MRCB28,597.5,598,10566.40875,10686.81725,-402.9615,1,20,4,0.06
MRCB28,598,598.5,10566.56925,10687.00875,-403.3945,1,20,0,0.07
MRCB28,598.5,599,10566.72975,10687.20025,-403.8275,1,20,0,0.08
MRCB28,599,599.5,10566.89025,10687.39175,-404.2605,1,20,0,0.01
MRCB28,599.5,600,10567.05075,10687.58325,-404.6935,1,20,0,0.02
MRCB28,600,600.5,10567.21125,10687.77475,-405.1265,1,20,0,0.04
MRCB28,600.5,601,10567.37175,10687.96625,-405.5595,1,20,0,0.21
MRCB28,601,601.5,10567.53225,10688.15775,-405.9925,1,13,0,0.03
MRCB28,601.5,602,10567.69275,10688.34925,-406.4255,1,13,0,0.09
MRCB28,602,602.5,10567.85325,10688.54075,-406.8585,1,13,0,0.01
MRCB28,602.5,603,10568.01375,10688.73225,-407.2915,1,13,0,0.26
MRCB28,603,603.5,10568.17425,10688.92375,-407.7245,1,13,0,0.05
MRCB28,603.5,604,10568.33475,10689.11525,-408.1575,1,13,0,0.15
MRCB28,604,604.5,10568.49525,10689.30675,-408.5905,1,20,0,0.08
MRCB28,604.5,605,10568.65575,10689.49825,-409.0235,1,20,0,0.03
MRCB28,605,605.5,10568.81625,10689.68975,-409.4565,1,20,0,0.01
MRCB28,605.5,606,10568.97675,10689.88125,-409.8895,1,20,0,0.03
MRCB28,606,606.5,10569.13725,10690.07275,-410.3225,1,20,0,0.05
MRCB28,606.5,607,10569.29775,10690.26425,-410.7555,1,20,0,0.02
MRCB28,607,607.5,10569.45825,10690.45575,-411.1885,1,20,0,0.01
MRCB28,607.5,608,10569.61875,10690.64725,-411.6215,1,20,0,0.04
MRCB28,608,608.5,10569.77925,10690.83875,-412.0545,1,20,0,0.07
MRCB28,608.5,609,10569.93975,10691.03025,-412.4875,1,20,0,0.01
MRCB28,609,609.5,10570.10025,10691.22175,-412.9205,1,20,0,0.03
MRCB28,609.5,610,10570.26075,10691.41325,-413.3535,1,20,0,0.05
MRCB28,610,610.5,10570.42125,10691.60475,-413.7865,1,20,0,0.01
MRCB28,610.5,611,10570.58175,10691.79625,-414.2195,1,20,0,0.06
MRCB28,611,611.5,10570.74225,10691.98775,-414.6525,26,20,0,0.07
MRCB28,611.5,612,10570.90275,10692.17925,-415.0855,26,14,0,0.03
MRCB28,612,612.5,10571.06325,10692.37075,-415.5185,26,14,0,0.11
MRCB28,612.5,613,10571.22375,10692.56225,-415.9515,26,14,0,0.01
MRCB28,613,613.5,10571.38425,10692.75375,-416.3845,26,16,0,0.01
MRCB28,615,615.5,10572.02625,10693.51975,-418.1165,26,16,0,0.01
MRCB28,615.5,616,10572.18675,10693.71125,-418.5495,26,16,0,0.01
MRCB28,616,616.5,10572.34725,10693.90275,-418.9825,26,16,0,0.05
MRCB28,616.5,617,10572.50775,10694.09425,-419.4155,26,16,0,0.06
MRCB28,617,617.5,10572.66825,10694.28575,-419.8485,26,16,0,0.06
MRCB28,617.5,618,10572.82875,10694.47725,-420.2815,26,16,0,0.39
MRCB28,618,618.5,10572.98925,10694.66875,-420.7145,26,16,0,0.24
MRCB28,618.5,619,10573.14975,10694.86025,-421.1475,26,16,0,0.22
MRCB28,619,619.5,10573.31025,10695.05175,-421.5805,26,14,0,0.02
MRCB28,619.5,620,10573.47075,10695.24325,-422.0135,26,14,0,0.02
